Process,Total project,Project using latest,Total Dockerfile,Dockerfile using latest,Number of changes pinned to latest,Number of changes latest to pinned,File not found or error,Repo not found
85,96,27,196,54,0,2,0,127
127,80,29,163,49,0,0,0,176
55,101,35,255,51,2,4,0,133
110,83,29,265,68,0,0,0,166
59,95,34,170,72,2,1,0,148
121,80,20,398,276,0,0,0,161
114,97,26,157,41,2,2,0,141
91,95,33,161,57,0,2,0,132
117,85,27,142,37,1,2,0,151
48,90,29,293,72,0,0,0,138
75,101,35,213,56,0,2,0,121
72,96,26,151,62,1,3,0,127
53,100,39,482,331,0,0,0,126
89,97,25,201,53,0,1,0,129
125,73,24,115,32,1,3,0,149
0,97,38,405,170,1,0,0,136
21,104,31,367,49,0,1,0,119
112,93,23,203,40,2,1,0,156
122,83,26,133,44,1,1,0,142
33,105,36,236,61,0,1,0,132
50,92,37,245,76,0,0,0,144
126,96,33,196,55,1,1,0,161
123,105,39,128,44,1,1,0,138
94,96,29,185,77,1,0,0,163
107,98,30,223,56,2,2,0,148
101,109,32,363,113,1,1,0,140
8,95,37,2376,246,1,2,0,154
36,75,21,229,23,0,1,0,152
88,91,21,308,54,0,1,0,127
80,95,34,179,45,1,0,0,132
5,99,33,491,57,0,1,0,123
135,102,26,131,41,2,1,0,123
47,95,25,150,31,1,1,0,143
146,95,24,138,41,2,2,0,111
65,84,28,229,82,0,1,0,139
109,89,30,206,59,1,2,0,146
118,106,33,339,56,0,3,0,135
84,122,41,328,132,2,0,0,120
79,98,25,375,35,0,0,0,130
38,98,37,193,53,3,2,0,139
1,99,36,431,148,0,1,0,136
164,110,30,224,47,0,2,0,110
169,111,37,190,86,4,4,0,87
161,109,41,220,72,0,3,0,101
83,105,25,186,40,0,2,0,115
162,110,39,189,65,1,3,0,124
49,98,30,236,40,1,2,0,123
86,104,30,188,47,1,1,0,125
119,87,24,189,55,1,1,0,146
92,102,33,213,65,0,3,0,135
4,96,21,323,115,0,1,0,130
111,86,31,169,42,1,1,0,152
3,99,35,179,63,1,0,0,132
2,87,35,497,133,2,3,0,136
156,100,22,194,52,1,1,0,105
32,103,38,340,91,3,2,0,127
20,112,39,255,105,2,1,0,99
157,101,20,213,46,1,2,0,118
160,83,31,181,65,0,2,0,109
62,95,37,249,78,0,0,0,131
74,96,34,161,57,1,0,0,125
144,110,33,190,57,0,2,0,88
120,95,35,163,66,2,2,0,137
73,97,41,225,69,0,1,0,130
52,109,39,321,134,0,3,0,124
171,115,36,190,58,1,2,0,105
104,96,29,235,103,1,3,0,138
46,95,34,184,45,1,0,0,146
172,126,39,244,64,0,0,0,102
96,91,29,268,34,1,1,0,155
19,107,27,317,46,0,0,0,126
41,92,32,457,161,0,0,0,130
31,103,28,294,90,1,0,0,126
14,108,36,608,87,1,2,0,116
11,121,42,432,106,1,1,0,100
113,85,28,199,81,0,3,0,128
26,88,24,266,87,1,1,0,120
42,97,28,300,60,2,2,0,121
78,92,33,173,50,0,0,0,115
58,88,30,228,56,0,0,0,155
158,103,36,207,50,2,3,0,90
17,99,30,281,77,2,1,0,129
12,93,33,193,65,2,1,0,125
108,91,23,218,37,0,1,0,150
103,90,32,211,56,1,0,0,138
25,104,30,322,91,1,1,0,112
167,121,33,191,46,0,0,0,86
116,94,34,183,73,0,2,0,140
57,99,35,173,68,2,1,0,139
166,110,31,213,42,1,0,0,96
67,103,27,238,59,0,1,0,128
76,95,36,224,72,0,0,0,113
82,92,43,366,63,2,1,0,142
155,95,27,128,37,1,0,0,85
93,103,28,269,34,2,0,0,137
97,118,41,368,55,1,2,0,134
64,101,27,156,29,1,4,0,116
132,109,24,180,40,0,2,0,115
40,101,38,441,111,1,1,0,121
87,99,26,236,48,1,0,0,115
139,101,29,213,51,0,2,0,120
10,88,23,227,41,0,5,0,128
150,122,43,305,125,0,3,0,83
145,124,38,229,45,0,2,0,94
69,93,27,146,44,0,2,0,127
51,103,23,214,48,0,0,0,132
106,105,36,360,88,0,0,0,129
151,114,32,172,50,1,5,0,79
43,104,35,327,65,2,1,0,147
27,126,40,319,92,3,3,0,91
63,107,27,233,48,0,0,0,122
147,114,38,154,44,0,2,0,81
115,99,34,441,63,2,5,0,126
70,102,29,263,73,1,0,0,136
54,111,32,253,81,0,1,0,110
90,109,39,487,349,3,1,0,122
154,99,34,287,95,1,1,0,89
141,119,35,132,39,1,2,0,101
168,112,40,203,73,2,2,0,94
37,98,38,288,91,1,3,0,131
130,121,41,293,75,0,2,0,99
13,123,43,596,194,2,2,0,103
152,114,40,290,89,0,2,0,76
60,87,26,190,54,1,0,0,126
35,100,30,293,95,0,1,0,125
56,102,28,21097,69,0,0,0,104
24,101,33,231,65,1,2,0,116
29,103,37,328,69,0,2,0,149
95,112,37,199,76,1,0,0,137
98,91,28,164,42,0,2,0,157
102,104,41,307,77,2,2,0,131
71,92,24,178,34,1,1,0,128
129,117,35,235,57,1,5,0,98
81,96,31,247,47,0,3,0,118
170,134,38,412,118,3,1,0,81
143,99,27,206,47,1,1,0,107
137,110,35,243,102,1,2,0,101
44,99,32,1948,86,0,2,0,112
18,113,43,565,125,0,1,0,98
15,108,36,400,135,1,2,0,103
131,125,43,307,76,0,1,0,104
142,97,38,199,73,0,0,0,96
136,104,37,226,67,0,1,0,132
100,92,23,164,42,0,4,0,144
34,89,27,375,81,0,0,0,132
7,107,36,432,100,3,0,0,120
149,117,32,368,62,0,0,0,93
99,105,35,327,128,2,1,0,125
77,89,23,312,74,0,1,0,157
140,106,32,366,185,1,1,0,104
9,85,32,236,76,0,1,0,136
68,111,33,286,73,0,1,0,127
39,106,38,288,89,1,0,0,134
22,113,35,589,169,0,0,0,102
148,118,42,243,104,0,1,0,93
138,100,36,161,58,1,3,0,103
153,134,47,354,84,0,1,0,86
66,111,50,461,241,0,0,0,117
159,94,22,210,36,2,3,0,111
124,113,40,322,65,3,3,0,150
23,111,38,392,102,2,3,0,106
134,119,41,218,60,1,0,0,85
163,129,34,294,54,0,0,0,93
61,104,29,328,72,1,0,0,109
16,100,27,362,84,0,1,0,137
30,90,26,436,202,1,2,0,136
128,86,34,120,38,0,2,0,125
28,129,40,413,90,1,1,0,105
6,109,43,402,187,3,0,0,126
45,94,37,543,182,1,3,0,139
133,109,37,151,51,0,1,0,84
184,104,27,148,33,0,1,0,114
177,107,34,201,58,2,1,0,93
216,99,33,202,56,0,0,0,108
218,106,30,243,78,0,0,0,103
173,117,41,250,70,2,2,0,107
228,106,26,168,30,1,1,0,131
185,114,34,199,39,0,2,0,89
180,103,29,138,30,0,2,0,124
183,125,42,151,45,1,1,0,112
191,116,33,211,43,1,2,0,84
200,93,22,144,31,1,0,0,106
232,98,24,180,62,1,1,0,122
187,105,36,448,72,3,2,0,126
224,90,26,164,34,0,0,0,145
195,125,45,200,59,2,1,0,103
212,107,37,150,39,1,0,0,117
202,125,47,215,69,1,4,0,86
210,113,40,292,136,0,0,0,99
207,100,27,194,42,2,0,0,127
227,108,39,170,67,1,1,0,111
203,121,45,257,97,1,1,0,106
178,106,32,172,50,2,0,0,101
193,124,41,334,61,0,0,0,84
250,108,31,340,90,1,0,0,123
230,98,28,215,60,1,3,0,117
223,102,30,137,40,2,2,0,116
245,96,32,119,43,0,1,0,122
192,108,37,550,182,2,3,0,103
226,107,32,171,53,2,4,0,114
198,118,28,163,29,1,2,0,97
215,94,27,176,34,1,3,0,128
208,116,33,311,46,1,0,0,99
220,103,31,177,43,0,0,0,97
186,120,36,177,46,1,1,0,92
194,92,31,198,36,0,0,0,108
293,78,24,116,31,0,2,0,141
300,95,34,173,40,1,0,0,135
233,99,37,301,47,1,1,0,104
174,113,36,211,87,0,1,0,103
244,107,36,212,68,2,1,0,120
273,107,32,143,35,2,2,0,106
270,100,31,179,32,0,1,0,135
181,117,27,798,51,0,1,0,81
229,93,29,162,48,1,3,0,121
234,103,27,149,33,0,1,0,117
225,107,37,153,51,2,2,0,111
209,131,38,201,70,1,2,0,97
176,116,32,132,33,0,1,0,107
175,117,48,179,65,1,2,0,90
267,98,19,144,26,0,0,0,117
211,117,30,189,76,3,2,0,127
269,93,18,150,22,2,3,0,105
179,116,26,175,36,2,1,0,107
201,98,36,142,48,1,0,0,107
260,124,34,279,109,2,0,0,123
283,103,28,125,30,0,1,0,134
252,85,29,153,36,0,1,0,118
240,115,46,220,83,1,1,0,97
309,97,32,156,39,1,2,0,146
253,88,24,234,68,1,3,0,142
272,90,20,130,22,0,2,0,123
296,106,40,212,76,1,2,0,110
231,94,26,150,29,1,1,0,122
325,92,28,138,35,1,2,0,135
248,117,34,163,36,0,2,0,88
221,104,30,257,50,1,4,0,126
213,100,25,178,40,2,2,0,105
249,112,36,338,71,0,1,0,108
280,102,33,128,38,0,0,0,116
235,100,26,446,335,0,1,0,123
205,104,26,195,53,0,1,0,84
219,105,33,275,62,2,2,0,99
204,106,29,192,32,0,1,0,113
241,108,34,132,35,0,0,0,103
196,108,23,163,31,0,2,0,108
304,115,40,174,53,1,0,0,114
271,110,36,169,49,1,3,0,144
338,83,33,101,39,1,4,0,177
242,107,30,133,31,0,1,0,118
197,126,42,255,63,0,0,0,103
286,80,23,125,28,0,2,0,106
265,128,32,143,36,0,2,0,90
317,100,36,128,41,1,1,0,145
288,90,33,139,59,0,0,0,137
307,93,26,113,30,1,0,0,129
277,121,33,188,66,0,4,0,124
182,119,41,182,61,1,4,0,93
319,114,31,171,42,0,1,0,140
303,81,23,112,26,0,0,0,136
306,103,30,152,54,0,2,0,139
237,128,36,174,46,0,0,0,94
315,95,28,130,29,1,3,0,130
323,91,23,156,34,2,2,0,141
278,106,33,154,46,1,2,0,124
243,90,25,131,34,2,2,0,130
298,98,20,126,21,0,0,0,118
312,102,29,121,32,1,3,0,136
287,99,35,135,40,1,1,0,116
236,105,34,215,63,3,1,0,115
331,101,31,203,41,2,2,0,131
266,115,31,127,35,2,3,0,100
256,116,35,138,39,0,2,0,96
292,91,26,112,29,1,0,0,122
259,117,31,182,38,0,1,0,113
275,114,33,186,41,1,3,0,89
254,96,32,131,36,3,4,0,144
285,99,34,200,65,1,3,0,133
318,95,27,155,31,0,0,0,150
251,102,36,178,43,0,0,0,107
332,89,37,137,47,0,0,0,150
214,108,39,175,51,2,3,0,99
299,99,33,190,77,2,3,0,111
238,130,25,211,35,0,0,0,96
274,127,49,236,59,2,0,0,91
289,108,37,262,152,0,3,0,106
335,95,29,133,34,0,1,0,139
297,118,29,575,109,0,0,0,88
322,81,22,98,26,0,0,0,144
314,103,34,142,36,1,1,0,123
188,101,26,179,48,0,2,0,98
217,99,34,140,46,0,0,0,117
268,95,26,143,28,2,0,0,127
310,84,25,115,33,0,0,0,152
316,92,28,107,30,0,0,0,154
281,121,33,145,35,2,1,0,102
222,121,45,216,76,1,1,0,104
308,94,20,124,20,0,1,0,132
165,119,33,393,50,0,0,0,83
301,107,38,329,64,0,4,0,112
190,111,29,230,37,1,1,0,85
282,106,35,309,66,2,2,0,86
326,100,33,209,50,2,2,0,120
321,86,24,150,35,2,4,0,148
206,115,46,200,61,1,1,0,96
295,117,30,167,43,1,0,0,98
199,112,30,534,49,3,2,0,85
276,128,34,449,147,2,1,0,81
290,104,29,198,58,1,1,0,107
239,105,29,193,33,1,2,0,139
294,95,30,142,35,0,0,0,105
311,102,34,133,41,0,1,0,143
336,87,33,205,53,0,1,0,144
320,88,27,98,32,0,0,0,148
279,107,38,209,65,2,0,0,76
291,101,25,211,76,2,1,0,97
302,111,28,155,30,0,0,0,108
246,93,27,310,34,0,1,0,115
305,108,34,312,87,0,1,0,139
284,94,24,129,31,0,3,0,140
324,96,36,115,38,0,1,0,139
262,117,33,228,37,0,2,0,83
334,94,37,126,53,0,3,0,130
333,99,25,143,44,1,0,0,139
263,103,32,206,45,2,1,0,102
247,125,52,295,83,1,2,0,92
257,126,39,202,77,1,4,0,104
258,118,40,251,72,1,5,0,122
328,138,38,300,58,0,3,0,93
261,128,31,424,196,2,1,0,84
330,103,36,114,40,1,1,0,145
340,81,28,116,29,1,1,0,147
339,109,31,151,41,0,1,0,113
337,109,31,190,34,0,0,0,122
255,124,39,322,63,0,1,0,110
327,139,43,176,48,2,0,0,111
342,98,28,144,40,1,1,0,143
343,81,27,201,50,1,1,0,140
313,92,32,213,101,1,2,0,127
189,123,39,298,132,0,3,0,97
341,91,29,228,49,0,1,0,146
347,77,18,129,24,0,1,0,147
356,93,32,132,43,1,0,0,130
361,86,26,118,45,0,1,0,144
346,104,34,133,39,1,0,0,125
367,85,23,115,25,0,2,0,175
362,93,25,116,26,0,0,0,153
368,96,23,196,42,1,3,0,167
358,78,29,100,40,1,0,0,169
364,78,30,115,35,0,0,0,161
369,84,33,115,39,0,2,0,175
363,92,24,116,25,0,2,0,157
354,97,27,238,60,0,0,0,140
352,98,27,133,38,2,4,0,120
344,91,24,206,51,0,2,0,148
351,112,34,202,45,1,1,0,130
366,91,25,105,29,2,2,0,125
359,81,28,226,75,1,1,0,165
370,83,35,146,68,0,1,0,146
350,103,28,187,38,1,1,0,138
360,102,28,150,34,0,1,0,130
345,85,24,171,28,0,1,0,162
371,103,26,150,31,3,4,0,91
365,104,40,190,44,0,1,0,139
355,104,30,178,42,0,1,0,135
348,101,25,255,115,0,0,1,117
375,107,25,134,27,0,2,0,87
408,107,36,129,43,1,1,0,88
386,117,35,216,55,0,1,0,101
378,118,35,161,48,0,1,0,81
376,126,29,191,52,1,7,0,66
380,144,46,185,54,1,3,0,68
413,136,43,219,57,2,0,0,52
427,115,32,164,43,1,1,0,89
388,132,32,257,140,0,1,0,65
349,102,30,135,33,0,3,0,141
410,125,31,188,53,0,4,0,60
417,124,37,181,51,3,4,0,65
382,138,39,163,46,3,5,0,65
372,106,34,178,40,0,4,0,70
384,121,34,330,136,0,0,0,61
404,116,30,164,39,1,1,0,69
373,141,43,277,102,2,3,0,58
423,109,36,157,61,0,0,0,92
374,122,34,161,48,0,1,0,52
393,115,34,147,48,0,0,0,57
401,122,38,154,45,0,0,0,78
471,122,39,219,76,0,0,0,91
414,120,28,222,32,0,3,0,64
390,131,38,178,51,3,4,0,64
412,106,29,184,37,0,0,0,72
407,126,48,251,105,1,3,0,72
429,111,39,139,42,2,1,0,94
431,123,37,174,49,1,1,0,80
434,96,32,109,36,1,1,0,105
391,141,56,188,77,2,2,0,46
460,113,41,211,59,0,0,0,76
405,107,31,118,32,0,4,0,78
385,120,42,166,56,3,4,0,70
397,133,34,213,44,3,2,0,66
387,121,27,165,30,0,1,0,76
357,90,29,114,41,0,0,0,137
392,127,39,267,52,2,1,0,73
450,115,27,150,36,2,1,0,72
436,116,41,357,83,1,0,0,67
458,114,38,212,50,3,2,0,86
456,106,33,151,52,1,0,0,105
454,122,39,159,47,1,2,0,79
418,121,32,171,46,3,2,0,83
433,115,34,151,36,0,3,0,103
395,114,35,204,36,1,1,0,60
474,97,29,125,29,0,2,0,97
411,119,29,149,32,0,0,0,78
399,112,33,232,54,0,2,0,76
463,134,35,164,39,0,1,0,57
451,137,37,166,40,2,2,0,56
445,98,28,161,37,1,3,0,106
403,103,34,168,55,0,1,1,84
409,107,30,127,34,1,4,0,81
383,110,36,162,40,0,1,0,85
398,125,35,210,55,2,2,0,62
453,114,36,173,49,0,3,0,83
488,111,24,237,25,0,0,0,65
428,116,32,163,42,0,2,0,65
449,125,24,235,40,1,2,0,96
461,125,44,164,50,2,1,0,83
389,122,34,154,38,0,1,0,71
400,129,27,171,29,1,1,0,46
420,107,30,262,38,2,2,0,80
402,121,35,205,47,0,2,0,67
475,105,34,203,52,0,2,0,80
457,122,34,300,116,0,1,0,77
419,117,37,257,47,0,0,0,79
472,130,34,177,39,1,1,0,84
468,127,38,205,52,0,0,0,68
422,129,36,210,77,1,2,0,82
377,129,33,165,40,1,2,0,71
440,124,39,198,49,1,0,0,50
462,114,34,172,36,3,0,0,73
415,132,53,336,115,1,2,0,54
466,124,37,176,58,1,2,0,69
379,107,32,248,59,0,1,0,74
455,126,33,259,62,0,3,0,85
421,142,45,271,75,4,3,0,53
469,139,49,243,65,1,2,0,57
477,131,42,236,66,0,1,0,64
406,133,39,189,44,1,2,0,68
438,108,33,141,40,1,1,0,81
432,123,39,164,45,0,0,0,69
491,128,39,194,43,0,2,0,55
470,123,38,167,54,1,1,0,80
478,118,31,229,31,0,1,0,69
484,122,38,362,41,0,0,0,67
437,134,44,366,203,3,4,0,52
425,99,32,201,39,1,2,0,84
498,128,39,214,55,0,0,0,43
480,140,50,253,62,1,2,0,59
485,112,27,148,28,0,0,0,57
443,132,38,180,39,1,2,0,69
439,131,30,169,38,0,1,0,49
494,125,39,210,62,0,1,0,64
490,124,35,150,41,1,3,0,56
394,110,29,219,59,2,0,0,80
452,119,35,158,36,0,3,0,84
381,125,42,234,44,1,2,0,43
500,114,26,141,27,0,1,1,58
430,140,46,219,92,1,3,0,67
441,141,40,252,49,0,2,0,59
444,129,31,228,61,1,2,0,56
473,124,32,167,36,0,4,0,95
497,111,36,236,84,1,0,0,68
486,144,41,163,42,2,2,0,58
416,133,37,189,39,1,5,0,65
495,136,39,295,78,1,1,0,57
459,126,46,226,72,3,4,0,77
426,106,20,214,30,0,1,0,80
481,137,39,159,42,1,1,0,48
467,117,24,205,43,1,2,0,83
396,120,40,187,43,0,1,0,82
492,119,40,201,54,1,0,0,61
435,116,33,185,55,2,3,0,77
446,131,45,221,68,2,1,0,69
424,135,46,211,65,0,1,0,79
505,136,35,214,47,0,1,0,59
465,136,49,176,59,0,0,0,38
482,126,32,268,59,0,2,0,65
501,105,24,167,31,1,1,0,60
479,133,40,195,51,1,1,0,49
447,134,46,325,86,1,1,0,69
506,147,40,208,53,2,1,0,57
476,125,37,152,43,1,2,0,80
502,135,39,210,45,1,2,0,52
507,122,31,282,99,0,0,0,67
504,132,34,234,52,3,2,0,53
489,117,41,165,69,1,0,0,52
483,125,38,266,60,2,3,0,38
464,122,44,176,49,1,4,0,66
511,119,36,158,46,3,4,0,50
503,116,32,285,67,1,2,0,71
487,154,44,413,68,1,3,0,46
496,135,39,325,42,1,1,0,53
509,133,33,203,45,1,1,0,52
513,119,36,173,43,1,2,0,58
515,123,46,144,48,1,2,0,64
493,133,40,276,53,0,3,0,45
448,132,35,273,41,1,5,0,78
499,128,42,159,50,0,1,0,50
514,124,40,223,64,0,6,0,66
442,124,38,178,63,1,3,0,57
528,122,34,225,59,0,0,0,59
527,136,46,143,49,0,1,0,52
516,130,41,493,287,0,2,0,64
264,117,33,415,218,0,0,0,89
520,136,31,229,55,1,1,0,56
512,131,49,172,63,3,6,0,60
529,133,31,234,40,0,1,0,48
533,137,40,218,45,1,1,0,56
519,129,35,290,53,2,1,0,66
525,120,31,156,36,0,0,0,64
508,128,39,400,208,0,0,0,72
537,110,28,150,42,2,1,0,72
523,123,33,165,38,1,2,0,58
517,125,37,192,54,2,2,0,67
546,131,46,180,56,0,1,0,62
524,135,40,207,47,2,2,0,56
522,133,34,191,43,0,3,0,48
549,116,32,138,35,0,0,0,83
530,120,41,181,62,3,2,0,77
538,132,46,214,77,1,0,0,56
542,130,39,207,44,0,0,0,61
545,120,29,144,30,1,3,0,74
555,131,45,272,65,0,0,0,62
526,130,40,294,80,2,3,0,74
543,124,40,139,40,0,0,0,67
539,122,39,151,43,0,2,0,63
554,115,38,138,47,2,3,0,76
553,132,45,184,52,0,1,0,50
510,126,29,207,50,1,2,0,47
561,103,35,208,94,1,3,0,78
558,123,30,220,44,2,2,0,81
535,120,40,165,46,1,1,0,51
563,135,32,245,35,0,5,0,67
532,121,32,156,43,1,2,0,60
568,133,42,152,48,2,2,0,59
550,136,27,172,34,1,1,0,39
552,121,32,138,36,1,3,0,54
556,110,24,145,55,0,2,0,73
551,126,49,240,63,1,1,0,58
571,130,35,181,52,3,2,0,58
547,119,30,195,32,0,1,0,52
594,136,41,147,48,1,5,0,57
586,119,34,158,44,1,1,0,62
560,127,33,326,57,0,6,0,59
531,129,42,290,70,1,0,0,55
534,130,43,251,64,0,3,0,51
564,122,33,161,47,0,1,0,68
536,139,36,346,130,1,2,0,46
557,117,34,167,40,1,3,0,71
544,135,48,260,54,0,1,0,56
521,122,35,222,95,1,1,0,59
548,139,44,180,54,0,4,0,71
581,125,33,166,40,2,1,0,56
559,127,43,187,58,0,3,0,70
575,115,32,160,45,1,4,0,72
570,114,32,306,114,1,0,0,87
590,118,38,197,49,1,0,0,56
598,118,28,153,44,1,0,0,57
624,129,37,191,51,1,1,0,59
600,118,39,222,47,1,2,0,55
599,121,41,159,42,1,3,0,60
593,117,42,167,52,1,0,0,79
611,126,30,130,31,0,1,0,47
565,125,39,185,53,0,5,0,69
577,126,34,161,41,0,3,0,70
613,118,33,152,42,0,1,0,57
579,125,33,157,42,1,1,0,61
588,120,22,197,34,0,3,0,52
574,129,32,170,37,1,0,0,70
518,127,34,174,44,0,0,0,70
604,120,44,233,79,1,2,0,68
587,113,25,151,27,0,4,0,57
596,117,32,176,42,2,0,0,53
585,119,37,230,50,1,3,0,59
618,149,57,218,78,2,1,0,51
573,129,40,180,45,1,1,0,77
595,134,39,190,52,3,1,0,49
616,116,34,167,54,0,0,0,64
603,121,38,159,57,1,0,0,53
540,146,42,232,47,0,0,0,52
608,143,32,193,42,1,2,0,57
582,120,25,319,33,0,1,0,66
623,122,27,149,31,0,2,0,77
601,124,30,156,38,0,2,0,55
569,122,41,197,61,0,1,0,56
584,140,42,169,51,0,1,0,54
589,132,41,207,59,0,2,0,51
580,130,41,306,66,0,1,0,54
567,130,30,170,44,0,1,0,46
592,123,32,174,36,1,1,0,55
612,129,40,184,57,2,1,0,67
619,123,29,215,31,1,1,0,62
627,114,38,156,45,2,0,0,59
642,135,41,168,42,0,0,0,55
626,143,49,181,57,0,2,0,53
615,137,40,222,51,3,5,0,49
541,140,47,219,78,1,3,0,62
621,123,50,172,59,1,1,0,80
638,126,36,556,119,0,1,0,56
578,125,40,162,49,3,2,0,75
630,113,23,276,25,1,2,0,54
610,131,37,169,46,0,1,0,49
639,141,38,171,43,1,3,0,66
602,122,38,229,58,0,0,0,61
583,117,30,185,55,0,1,0,59
646,128,32,147,33,1,1,0,57
617,135,39,149,48,1,4,0,61
562,114,34,258,71,1,1,0,69
651,111,38,146,42,0,1,0,77
591,121,43,257,71,0,0,0,65
614,136,42,161,48,1,3,0,61
620,132,38,162,48,1,2,0,49
622,121,26,216,41,1,1,0,74
629,132,39,404,62,0,4,0,76
637,145,50,236,76,0,1,0,40
648,116,41,403,52,2,2,0,55
633,130,41,173,48,1,2,0,55
656,110,33,152,41,0,0,0,69
628,133,40,209,59,0,1,0,60
647,124,39,181,52,1,3,0,73
606,139,49,743,67,1,1,0,58
625,132,36,168,46,0,1,0,50
636,139,46,281,70,0,1,0,53
650,134,42,384,89,0,4,0,70
659,136,43,168,51,4,5,0,63
652,139,43,183,50,2,2,0,42
635,122,35,170,43,1,2,0,57
631,111,33,311,65,0,0,0,64
632,131,44,154,51,1,2,0,52
666,143,36,212,49,0,3,0,64
667,131,44,204,60,0,4,0,56
641,124,27,219,46,2,2,0,65
653,124,35,165,45,1,3,0,51
658,122,41,162,50,2,3,0,80
609,139,44,261,98,0,1,0,62
655,122,26,154,33,2,1,0,69
640,123,47,198,81,0,4,0,68
644,121,39,335,58,0,1,0,66
668,112,27,203,99,1,1,0,63
669,116,41,178,52,0,1,0,56
645,117,33,170,58,1,1,0,60
643,129,42,191,48,0,2,0,60
663,117,32,181,42,0,1,0,74
674,119,30,145,32,3,3,0,62
671,112,31,145,34,2,2,0,75
665,126,32,161,33,1,1,0,63
649,122,45,239,64,0,1,0,56
634,127,39,150,41,0,0,0,54
682,105,22,150,29,2,2,0,104
661,121,27,188,29,3,5,0,63
676,117,30,235,58,0,0,0,63
672,118,43,217,61,2,1,0,65
673,129,37,232,76,0,3,0,76
670,119,29,215,46,1,0,0,71
662,136,47,185,62,1,1,0,62
566,127,34,172,34,2,2,0,49
680,127,45,321,59,0,0,0,71
576,120,38,164,48,0,0,0,44
683,105,38,139,44,1,2,0,66
664,136,39,193,41,1,1,0,51
684,121,34,198,41,1,1,0,52
678,122,34,190,54,1,2,0,76
688,137,41,425,161,0,0,0,61
677,126,38,233,47,0,1,0,63
657,122,34,236,62,2,3,0,57
660,145,49,193,55,1,1,0,51
686,145,44,441,191,0,3,0,55
679,141,42,220,53,2,0,0,55
689,122,30,185,34,2,1,0,68
706,136,42,187,58,1,3,0,70
681,114,33,197,67,1,0,0,87
685,122,39,150,45,0,3,0,61
721,113,30,133,32,0,0,0,75
605,144,33,318,46,0,1,0,47
690,126,44,151,53,0,0,0,63
675,122,40,178,65,1,5,0,61
732,95,34,184,41,2,0,0,118
699,149,40,188,42,0,2,0,65
712,122,31,144,40,1,3,0,54
705,162,54,241,60,2,1,0,55
701,157,39,347,46,2,3,0,58
719,110,27,217,35,1,2,0,90
716,139,38,231,61,0,2,0,65
702,156,46,185,47,3,2,0,84
731,111,30,219,45,0,2,0,125
704,146,49,220,53,1,3,0,65
714,141,41,240,82,2,1,0,59
687,129,37,177,51,1,2,0,57
727,80,27,99,44,0,1,0,121
718,134,30,165,30,1,5,0,84
729,108,26,146,35,1,1,0,117
707,140,40,216,60,0,1,0,86
710,141,54,258,92,0,1,0,65
724,128,40,267,86,0,1,0,71
735,129,30,211,30,1,2,0,47
711,136,44,274,64,0,1,0,74
715,135,44,148,46,0,0,0,67
703,145,43,197,45,1,0,0,57
756,138,49,219,64,1,2,0,41
747,133,33,166,38,1,2,0,49
776,131,30,175,34,2,1,0,48
751,158,31,318,53,0,3,0,45
738,140,48,240,61,1,1,0,41
741,111,35,131,42,0,0,0,60
720,143,40,186,47,1,2,0,58
753,133,42,146,45,1,3,0,44
725,125,28,146,34,0,4,0,94
728,98,32,192,45,1,1,0,109
723,121,36,275,97,0,4,0,90
755,148,38,219,74,0,1,0,46
812,77,21,87,22,0,2,0,169
737,128,40,143,43,1,0,0,48
739,133,33,265,100,1,2,0,66
758,140,45,182,58,0,0,0,43
811,99,28,109,28,1,2,0,135
762,132,40,239,62,0,2,0,50
717,107,40,227,80,0,2,0,78
766,129,37,179,64,0,2,0,57
726,98,24,122,26,1,1,0,90
693,185,50,264,58,2,5,0,63
730,107,36,199,76,2,1,0,112
742,133,38,177,52,0,2,0,50
828,99,30,114,35,0,1,0,79
808,127,33,147,33,0,0,0,45
786,125,37,156,40,1,2,0,43
832,140,35,156,44,1,5,0,61
809,119,38,184,40,0,1,0,84
749,134,40,205,56,1,1,0,49
740,122,44,200,83,2,2,1,60
816,134,35,143,35,1,3,0,57
748,141,35,177,35,0,0,0,46
844,115,27,146,29,1,1,0,141
796,149,50,172,55,2,2,0,31
825,119,34,122,35,0,2,0,96
835,95,25,111,28,0,0,0,108
734,112,28,181,35,1,1,0,82
788,140,43,182,47,0,1,0,56
787,156,33,244,39,0,1,2,45
746,134,39,210,43,1,3,0,58
607,117,36,151,52,0,0,0,55
840,102,21,110,21,0,1,0,92
824,131,39,144,42,2,1,0,60
713,145,47,198,58,3,1,0,55
759,125,45,161,56,1,1,0,40
784,133,39,185,49,0,0,0,58
770,140,50,212,57,3,1,0,42
765,143,36,210,52,1,2,0,47
754,137,42,207,49,0,1,0,44
813,110,35,126,41,2,5,0,97
810,108,31,157,32,1,1,3,82
830,117,28,225,40,0,1,0,81
790,136,37,190,43,0,2,0,44
700,157,46,232,95,2,5,1,66
733,113,37,152,44,1,4,0,91
773,120,41,195,74,0,0,0,62
819,130,34,181,55,2,6,0,53
757,153,47,199,57,2,3,0,45
774,140,46,182,47,3,1,0,48
744,136,44,177,47,1,5,0,46
818,127,35,175,42,0,1,0,64
831,162,60,177,67,4,4,0,95
815,125,33,192,39,2,1,0,53
827,117,41,151,52,0,2,0,70
694,216,60,405,124,4,4,0,67
821,126,38,151,45,1,2,0,47
841,112,28,198,31,2,1,0,78
792,132,41,215,44,1,3,0,44
823,105,27,117,29,1,1,0,53
814,119,43,215,70,0,1,0,71
853,122,39,396,45,0,1,0,109
771,155,40,253,51,0,1,0,46
848,117,33,151,35,0,0,0,75
795,131,36,181,61,0,0,0,43
843,112,24,123,33,0,3,0,107
722,115,32,154,33,3,4,0,86
801,135,38,254,43,1,2,0,45
860,104,32,151,35,1,1,0,103
817,149,37,280,48,2,2,0,39
837,105,38,131,42,0,3,0,109
697,171,53,219,59,1,2,0,66
850,115,34,158,44,1,2,0,78
865,119,30,144,33,1,3,0,90
866,123,36,190,49,2,3,1,81
836,118,40,148,44,0,2,0,95
854,113,20,123,21,0,1,0,111
852,108,24,111,28,0,1,0,94
778,134,52,226,71,0,1,0,53
804,132,40,256,52,1,4,0,42
864,127,33,154,37,2,3,0,98
858,116,38,129,50,3,2,0,88
777,146,41,172,50,1,1,0,40
805,141,41,158,50,1,3,0,58
859,106,27,136,32,1,2,0,101
872,111,33,147,38,1,0,0,107
839,115,20,126,21,1,1,0,99
838,100,30,128,37,1,3,0,111
851,95,32,109,37,0,2,0,112
868,102,27,131,34,2,1,0,106
691,214,64,299,84,1,6,0,68
867,115,29,135,32,2,1,0,102
847,107,30,137,35,3,3,0,83
870,92,20,116,28,1,1,0,91
880,117,34,148,37,0,0,0,71
820,125,32,180,50,0,1,0,50
862,103,31,127,35,1,2,0,106
857,90,31,117,36,1,1,0,115
802,138,41,155,42,3,2,0,46
761,133,42,189,50,3,4,0,50
881,126,31,140,31,0,3,0,86
797,139,28,185,35,0,4,0,51
767,150,36,199,43,0,1,0,51
856,111,30,204,53,2,2,0,92
793,132,40,197,45,1,3,0,43
861,114,26,142,30,0,1,0,93
885,122,33,153,39,2,0,0,90
763,140,34,184,41,0,2,0,42
833,115,35,184,41,3,3,0,98
877,106,30,139,41,2,2,0,106
849,99,29,126,32,2,2,0,107
846,122,37,296,42,1,0,0,97
779,147,40,221,52,2,2,0,43
863,121,38,137,38,0,3,0,89
883,122,30,183,41,0,2,0,89
884,101,34,114,36,0,1,0,112
879,118,39,138,41,0,2,0,99
829,127,33,260,44,1,2,0,51
882,128,33,143,36,0,2,0,94
785,129,43,171,59,1,2,0,40
769,145,38,174,42,2,4,0,45
807,161,53,455,70,1,1,0,42
887,126,34,147,35,2,2,0,83
874,117,34,142,40,1,1,0,80
888,101,33,112,35,2,3,0,110
886,121,36,223,41,2,2,1,76
896,123,39,157,52,1,2,0,86
873,112,33,142,36,0,0,0,99
900,89,24,230,27,1,1,0,114
904,107,27,123,28,0,2,0,103
806,124,36,246,52,0,2,0,56
895,103,32,142,33,1,4,0,100
871,110,30,159,35,0,0,0,100
692,194,52,6643,57,2,4,0,81
752,141,39,184,43,2,4,0,47
876,104,33,152,43,0,3,0,97
764,123,40,234,62,2,3,0,45
745,140,36,220,50,0,2,0,37
878,114,35,196,52,0,4,0,90
869,121,40,351,177,2,2,0,86
798,149,43,220,68,1,3,0,56
899,108,28,137,34,2,0,0,101
845,100,26,112,29,2,1,0,106
750,130,33,150,40,2,1,0,53
709,145,43,280,69,1,0,0,62
889,115,40,154,43,2,2,0,101
842,102,40,241,54,2,2,0,119
890,102,23,106,23,0,2,0,98
892,114,33,176,35,0,1,0,87
791,137,50,190,64,1,2,0,44
911,128,32,172,37,0,1,0,55
696,200,64,385,82,4,5,0,51
902,120,38,180,49,0,0,0,105
893,118,32,170,54,2,5,0,93
855,108,34,222,47,0,1,0,76
922,124,32,146,41,1,2,0,50
916,135,45,163,50,1,4,0,47
897,124,40,248,82,1,0,0,94
760,140,38,208,53,0,1,0,53
915,123,33,146,40,0,1,0,43
918,111,25,161,29,0,1,0,59
834,115,43,259,118,2,3,0,125
929,129,33,159,38,1,3,0,51
937,130,39,147,41,0,5,0,59
946,122,38,171,43,1,2,0,67
921,128,31,140,31,0,4,0,42
894,112,37,156,53,0,1,0,110
901,111,27,277,100,0,2,0,106
920,135,44,162,55,0,1,0,52
965,127,41,146,43,0,0,0,70
826,128,46,258,71,1,3,0,73
933,147,48,186,54,0,2,0,55
966,121,40,142,48,1,1,0,81
898,128,38,401,138,0,2,0,98
906,120,33,203,42,1,3,0,79
772,135,42,250,74,1,3,0,46
910,129,29,180,32,1,1,0,54
951,141,40,172,45,1,1,0,55
940,134,43,186,50,2,4,0,46
957,139,43,189,59,0,3,0,67
935,124,42,142,53,2,4,0,51
944,117,38,170,40,0,0,0,48
964,124,38,162,41,2,1,0,73
912,149,46,281,107,1,1,0,47
913,125,32,168,34,3,3,0,44
954,138,37,162,37,1,2,0,53
948,129,36,327,54,1,2,0,51
917,135,44,175,52,2,2,0,41
936,132,36,180,56,0,0,0,54
736,160,45,708,80,2,4,0,30
955,141,42,179,51,1,2,0,52
953,135,41,213,48,0,1,0,48
908,109,29,153,30,0,0,0,120
958,140,42,231,59,1,4,0,55
799,136,38,218,58,1,2,0,50
959,159,52,239,64,2,3,0,73
941,139,39,198,62,2,3,0,62
695,186,52,352,68,1,3,0,69
775,134,47,227,90,2,1,0,38
967,115,30,206,36,1,3,0,71
930,134,35,161,35,0,2,0,44
698,180,53,448,87,4,5,0,56
942,162,41,214,59,2,6,0,40
949,133,39,173,46,2,2,0,49
945,125,45,157,60,0,2,0,49
928,161,49,1289,878,1,3,0,46
947,135,41,227,59,0,2,0,51
934,127,40,192,47,0,3,0,59
803,143,38,198,48,0,0,0,49
938,155,49,225,78,5,4,0,52
952,122,33,560,243,1,2,0,57
597,143,40,265,46,2,1,0,57
903,119,42,250,51,1,1,0,96
950,144,36,259,55,1,1,0,42
794,138,40,227,57,3,3,0,52
743,137,44,376,119,1,3,0,44
956,133,44,183,50,2,1,0,53
960,180,51,210,56,4,4,0,58
891,112,38,180,52,2,1,0,101
968,157,52,516,252,3,5,0,76
800,150,43,227,58,1,3,0,49
939,133,38,405,93,1,4,0,52
909,133,39,223,94,2,0,0,55
927,153,43,280,65,1,3,0,48
962,118,34,303,43,0,2,0,68
780,148,37,314,102,4,1,0,53
789,121,33,327,116,0,3,0,43
961,147,36,282,56,2,4,0,67
768,139,30,170,32,1,1,1,50
923,148,37,195,60,3,2,0,40
924,152,43,224,52,2,6,0,52
943,133,44,249,105,1,3,0,57
977,248,77,871,136,5,13,0,43
919,138,43,347,71,0,2,0,53
931,129,37,540,62,0,2,0,58
654,113,31,172,53,0,1,0,67
572,112,36,333,101,3,1,0,76
781,139,36,203,40,0,3,0,45
907,111,27,157,28,1,3,0,84
963,131,32,195,34,0,0,0,61
822,142,42,304,108,0,1,0,51
932,135,37,172,45,1,1,0,45
353,104,30,164,35,3,4,0,133
783,139,40,236,48,1,2,0,51
926,194,64,526,197,4,2,0,45
905,115,37,228,47,2,3,0,80
914,133,43,314,112,2,2,0,47
925,181,52,452,141,2,1,0,56
987,284,93,669,222,10,8,0,35
981,277,85,851,353,6,9,0,41
708,131,32,154,35,2,2,0,76
988,279,90,868,186,9,14,0,41
975,241,63,602,204,6,14,0,70
980,274,92,657,197,11,10,0,45
991,268,76,553,160,3,6,1,38
979,272,81,753,210,6,9,0,38
996,317,97,706,222,9,16,0,19
992,255,69,1062,144,5,8,0,36
973,250,93,1199,292,7,13,0,53
982,258,89,1380,255,11,10,0,36
972,278,103,1217,380,10,15,0,45
970,274,89,2471,655,12,14,0,54
994,281,69,658,166,8,12,0,34
985,283,88,912,306,10,11,0,32
984,291,83,708,168,7,18,0,35
971,265,99,970,279,11,21,0,45
989,299,91,766,203,10,13,0,32
39880,0,0,0,0,0,0,0,1
39799,0,0,0,0,0,0,0,1
39800,0,0,0,0,0,0,0,1
39798,0,0,0,0,0,0,0,1
39883,0,0,0,0,0,0,0,1
39865,0,0,0,0,0,0,0,1
39866,0,0,0,0,0,0,0,1
39804,0,0,0,0,0,0,0,1
39863,0,0,0,0,0,0,0,1
39846,0,0,0,0,0,0,0,1
39848,0,0,0,0,0,0,0,1
39845,0,0,0,0,0,0,0,1
39844,0,0,0,0,0,0,0,1
39842,0,0,0,0,0,0,0,1
39849,0,0,0,0,0,0,0,1
39811,0,0,0,0,0,0,0,1
39810,0,0,0,0,0,0,0,1
39847,0,0,0,0,0,0,0,1
39850,0,0,0,0,0,0,0,1
39841,0,0,0,0,0,0,0,1
39859,0,0,0,0,0,0,0,1
39902,0,0,0,0,0,0,0,1
39920,0,0,0,0,0,0,0,1
39905,0,0,0,0,0,0,0,1
39923,0,0,0,0,0,0,0,1
39928,0,0,0,0,0,0,0,1
39887,0,0,0,0,0,0,0,1
39854,0,0,0,0,0,0,0,1
39910,0,0,0,0,0,0,0,1
39921,0,0,0,0,0,0,0,1
39924,0,0,0,0,0,0,0,1
39891,0,0,0,0,0,0,0,1
39908,0,0,0,0,0,0,0,1
39858,0,0,0,0,0,0,0,1
39911,0,0,0,0,0,0,0,1
39895,0,0,0,0,0,0,0,1
39860,0,0,0,0,0,0,0,1
39907,0,0,0,0,0,0,0,1
39823,0,0,0,0,0,0,0,1
39922,0,0,0,0,0,0,0,1
39821,0,0,0,0,0,0,0,1
39909,0,0,0,0,0,0,0,1
39912,0,0,0,0,0,0,0,1
39822,0,0,0,0,0,0,0,1
39919,0,0,0,0,0,0,0,1
39820,0,0,0,0,0,0,0,1
39917,0,0,0,0,0,0,0,1
39829,0,0,0,0,0,0,0,1
39870,1,1,1,1,0,0,0,0
39802,1,0,1,0,0,0,0,0
39882,0,0,0,0,0,0,0,0
39886,0,0,0,0,0,0,0,0
39879,0,0,0,0,0,0,0,0
39881,0,0,0,0,0,0,0,0
39843,0,0,0,0,0,0,0,0
39797,0,0,0,0,0,0,0,0
39862,0,0,0,0,0,0,0,0
39864,0,0,0,0,0,0,0,0
39871,0,0,0,0,0,0,0,0
39801,0,0,0,0,0,0,0,0
39837,1,1,1,1,0,0,0,0
39814,0,0,0,0,0,0,0,0
39836,0,0,0,0,0,0,0,0
39832,0,0,0,0,0,0,0,0
39867,0,0,0,0,0,0,0,0
39869,1,0,1,0,0,0,0,0
39873,0,0,0,0,0,0,0,0
39868,0,0,0,0,0,0,0,0
39805,0,0,0,0,0,0,0,0
39803,0,0,0,0,0,0,0,0
39839,1,0,1,0,0,0,0,0
39796,1,0,1,0,0,0,0,0
39899,1,0,1,0,0,0,0,0
39806,1,1,3,2,0,0,0,0
39819,0,0,0,0,0,0,0,0
39816,0,0,0,0,0,0,0,0
39808,0,0,0,0,0,0,0,0
39817,0,0,0,0,0,0,0,0
39809,0,0,0,0,0,0,0,0
39851,0,0,0,0,0,0,0,0
39807,1,1,1,1,0,0,0,0
39813,0,0,0,0,0,0,0,0
39812,1,0,1,0,0,0,0,0
39903,0,0,0,0,0,0,0,0
39934,0,0,0,0,0,0,0,0
39929,0,0,0,0,0,0,0,0
39931,0,0,0,0,0,0,0,0
39927,1,0,1,0,0,0,0,0
39904,0,0,0,0,0,0,0,0
39933,1,0,1,0,0,0,0,0
39884,1,1,10,6,0,0,0,0
39932,1,0,10,0,0,0,0,0
39906,0,0,0,0,0,0,0,0
39914,0,0,0,0,0,0,0,0
39857,0,0,0,0,0,0,0,0
39838,0,0,0,0,0,0,0,0
39930,0,0,0,0,0,0,0,0
39894,0,0,0,0,0,0,0,0
39831,0,0,0,0,0,0,0,0
39872,0,0,0,0,0,0,0,0
39916,0,0,0,0,0,0,0,0
39840,0,0,0,0,0,0,0,0
39925,1,1,1,1,0,0,0,0
39897,0,0,0,0,0,0,0,0
39855,1,1,1,1,0,0,0,0
39830,0,0,0,0,0,0,0,0
39852,1,0,1,0,0,0,0,0
39835,0,0,0,0,0,0,0,0
39918,1,0,1,0,0,0,0,0
39896,0,0,0,0,0,0,0,0
39825,1,0,1,0,0,0,0,0
39915,1,0,1,0,0,0,0,0
39893,0,0,0,0,0,0,0,0
39824,1,1,20,16,0,0,0,0
39913,1,0,1,0,0,0,0,0
39892,0,0,0,0,0,0,0,0
39826,1,0,1,0,0,0,0,0
39890,1,0,1,0,0,0,0,0
39856,1,0,1,0,0,0,0,0
39939,0,0,0,0,0,0,0,1
39833,0,0,0,0,0,0,0,0
39942,0,0,0,0,0,0,0,1
39941,0,0,0,0,0,0,0,1
39815,1,1,1,1,0,0,0,0
39946,0,0,0,0,0,0,0,1
39818,0,0,0,0,0,0,0,0
39853,0,0,0,0,0,0,0,0
39795,0,0,0,0,0,0,0,0
39889,0,0,0,0,0,0,0,0
39926,0,0,0,0,0,0,0,0
39974,0,0,0,0,0,0,0,1
39992,0,0,0,0,0,0,0,1
39828,0,0,0,0,0,0,0,0
39987,0,0,0,0,0,0,0,1
39968,0,0,0,0,0,0,0,1
39940,0,0,0,0,0,0,0,1
39877,0,0,0,0,0,0,0,1
40002,0,0,0,0,0,0,0,1
39944,0,0,0,0,0,0,0,1
39861,0,0,0,0,0,0,0,0
39984,0,0,0,0,0,0,0,1
39964,0,0,0,0,0,0,0,1
39965,0,0,0,0,0,0,0,1
39980,0,0,0,0,0,0,0,1
39977,0,0,0,0,0,0,0,1
39994,0,0,0,0,0,0,0,1
39988,0,0,0,0,0,0,0,1
40004,0,0,0,0,0,0,0,1
39876,0,0,0,0,0,0,0,1
40001,0,0,0,0,0,0,0,1
39999,0,0,0,0,0,0,0,1
40007,0,0,0,0,0,0,0,1
39962,0,0,0,0,0,0,0,1
39976,0,0,0,0,0,0,0,1
39959,0,0,0,0,0,0,0,1
39993,0,0,0,0,0,0,0,1
39885,1,1,1,1,0,0,0,0
39834,1,0,1,0,0,0,0,0
40015,0,0,0,0,0,0,0,1
39979,0,0,0,0,0,0,0,1
40013,0,0,0,0,0,0,0,1
39991,0,0,0,0,0,0,0,1
40019,0,0,0,0,0,0,0,1
39966,0,0,0,0,0,0,0,1
40018,0,0,0,0,0,0,0,1
40009,0,0,0,0,0,0,0,1
39990,0,0,0,0,0,0,0,1
40020,0,0,0,0,0,0,0,1
39967,0,0,0,0,0,0,0,1
39900,1,1,1,1,0,0,0,0
39978,0,0,0,0,0,0,0,1
39898,1,0,1,0,0,0,0,0
39996,1,0,1,0,0,0,0,0
39997,1,1,1,1,0,0,0,0
39936,0,0,0,0,0,0,0,0
39948,1,0,1,0,0,0,0,0
39972,1,0,1,0,0,0,0,0
39957,0,0,0,0,0,0,0,0
39985,0,0,0,0,0,0,0,0
39998,0,0,0,0,0,0,0,0
39938,0,0,0,0,0,0,0,0
40006,0,0,0,0,0,0,0,0
40003,0,0,0,0,0,0,0,0
39935,1,1,1,1,0,0,0,0
39945,1,0,1,0,0,0,0,0
40011,1,0,1,0,0,0,0,0
40014,0,0,0,0,0,0,0,0
40023,1,0,1,0,0,0,0,0
39963,0,0,0,0,0,0,0,0
39971,0,0,0,0,0,0,0,0
39969,1,0,0,0,0,0,0,0
39989,0,0,0,0,0,0,0,0
39986,0,0,0,0,0,0,0,0
39956,1,1,1,1,0,0,0,0
39875,0,0,0,0,0,0,0,0
39954,0,0,0,0,0,0,0,0
40024,0,0,0,0,0,0,0,0
39960,0,0,0,0,0,0,0,0
39970,1,0,1,0,0,0,0,0
40012,0,0,0,0,0,0,0,0
39973,1,0,1,0,0,0,0,0
39975,0,0,0,0,0,0,0,0
39874,0,0,0,0,0,0,0,0
40000,1,1,1,1,0,0,0,0
39955,0,0,0,0,0,0,0,0
40049,0,0,0,0,0,0,0,1
40050,0,0,0,0,0,0,0,1
40025,0,0,0,0,0,0,0,1
40046,0,0,0,0,0,0,0,1
40030,0,0,0,0,0,0,0,1
40051,0,0,0,0,0,0,0,1
40053,0,0,0,0,0,0,0,1
39878,0,0,0,0,0,0,0,0
40047,0,0,0,0,0,0,0,1
40054,0,0,0,0,0,0,0,1
40055,0,0,0,0,0,0,0,1
40048,0,0,0,0,0,0,0,1
40052,0,0,0,0,0,0,0,1
40041,0,0,0,0,0,0,0,1
40043,0,0,0,0,0,0,0,1
39958,1,0,1,0,0,0,0,0
39951,0,0,0,0,0,0,0,1
39943,0,0,0,0,0,0,0,0
40005,1,0,1,0,0,0,0,0
39953,0,0,0,0,0,0,0,1
39952,0,0,0,0,0,0,0,0
40010,1,0,1,0,0,0,0,0
40008,0,0,0,0,0,0,0,0
40027,0,0,0,0,0,0,0,0
40056,0,0,0,0,0,0,0,0
40058,0,0,0,0,0,0,0,0
40036,1,0,1,0,0,0,0,0
40028,0,0,0,0,0,0,0,0
40032,0,0,0,0,0,0,0,0
40044,0,0,0,0,0,0,0,0
40057,1,1,1,1,0,0,0,0
40016,0,0,0,0,0,0,0,0
40026,0,0,0,0,0,0,0,0
40034,0,0,0,0,0,0,0,0
40033,0,0,0,0,0,0,0,0
40031,1,0,1,0,0,0,0,0
40035,0,0,0,0,0,0,0,0
40037,0,0,0,0,0,0,0,0
40045,0,0,0,0,0,0,0,0
40042,0,0,0,0,0,0,0,0
39981,1,1,2,1,0,0,0,0
40029,0,0,0,0,0,0,0,0
39950,0,0,0,0,0,0,0,0
39983,1,0,1,0,0,0,0,0
39961,1,0,1,0,0,0,0,0
39982,0,0,0,0,0,0,0,0
39937,1,0,3,0,0,0,0,0
40066,0,0,0,0,0,0,0,1
40086,0,0,0,0,0,0,0,1
40085,0,0,0,0,0,0,0,1
40039,0,0,0,0,0,0,0,0
40101,0,0,0,0,0,0,0,1
40079,0,0,0,0,0,0,0,1
40062,0,0,0,0,0,0,0,1
40091,0,0,0,0,0,0,0,1
40065,0,0,0,0,0,0,0,1
40088,0,0,0,0,0,0,0,1
40087,0,0,0,0,0,0,0,1
40017,1,0,1,0,0,0,0,0
40040,0,0,0,0,0,0,0,0
40110,0,0,0,0,0,0,0,1
40096,0,0,0,0,0,0,0,1
40102,0,0,0,0,0,0,0,1
40109,0,0,0,0,0,0,0,1
40104,0,0,0,0,0,0,0,1
40090,0,0,0,0,0,0,0,1
40061,0,0,0,0,0,0,0,1
40095,0,0,0,0,0,0,0,1
40089,0,0,0,0,0,0,0,1
40064,0,0,0,0,0,0,0,1
40106,0,0,0,0,0,0,0,1
40077,0,0,0,0,0,0,0,1
40063,0,0,0,0,0,0,0,1
40059,1,1,2,1,0,0,0,0
40078,0,0,0,0,0,0,0,1
40119,0,0,0,0,0,0,0,1
40118,0,0,0,0,0,0,0,1
40120,0,0,0,0,0,0,0,1
40122,0,0,0,0,0,0,0,1
40117,0,0,0,0,0,0,0,1
40121,0,0,0,0,0,0,0,1
40116,0,0,0,0,0,0,0,1
40129,0,0,0,0,0,0,0,1
40128,0,0,0,0,0,0,0,1
40132,0,0,0,0,0,0,0,1
40084,0,0,0,0,0,0,0,0
40071,1,0,1,0,0,0,0,0
40083,0,0,0,0,0,0,0,0
40100,0,0,0,0,0,0,0,0
40081,0,0,0,0,0,0,0,0
39995,1,0,1,0,0,0,0,0
40097,0,0,0,0,0,0,0,0
40137,0,0,0,0,0,0,0,1
39949,0,0,0,0,0,0,0,0
40103,1,1,1,1,0,0,0,0
40143,0,0,0,0,0,0,0,1
40060,0,0,0,0,0,0,0,0
40067,0,0,0,0,0,0,0,0
40138,0,0,0,0,0,0,0,1
40108,0,0,0,0,0,0,0,0
40094,0,0,0,0,0,0,0,0
40098,0,0,0,0,0,0,0,0
40072,0,0,0,0,0,0,0,0
40145,0,0,0,0,0,0,0,1
40150,0,0,0,0,0,0,0,1
40156,0,0,0,0,0,0,0,1
40105,0,0,0,0,0,0,0,0
40022,0,0,0,0,0,0,0,0
40107,0,0,0,0,0,0,0,0
40155,0,0,0,0,0,0,0,1
40111,0,0,0,0,0,0,0,0
40152,0,0,0,0,0,0,0,1
40073,1,1,1,1,0,0,0,0
40148,0,0,0,0,0,0,0,1
40151,0,0,0,0,0,0,0,1
40147,0,0,0,0,0,0,0,1
40069,0,0,0,0,0,0,0,0
40076,0,0,0,0,0,0,0,0
40159,0,0,0,0,0,0,0,1
40080,1,1,2,2,0,0,0,0
40113,0,0,0,0,0,0,0,0
40115,0,0,0,0,0,0,0,0
40112,0,0,0,0,0,0,0,0
40074,0,0,0,0,0,0,0,0
40163,0,0,0,0,0,0,0,1
40124,0,0,0,0,0,0,0,0
40135,0,0,0,0,0,0,0,0
40092,0,0,0,0,0,0,0,0
40162,0,0,0,0,0,0,0,1
40131,0,0,0,0,0,0,0,0
40082,1,0,0,0,0,0,0,0
40114,0,0,0,0,0,0,0,0
40139,0,0,0,0,0,0,0,0
40144,0,0,0,0,0,0,0,0
40136,0,0,0,0,0,0,0,0
40075,0,0,0,0,0,0,0,0
40127,1,1,1,1,0,0,0,0
40093,1,0,1,0,0,0,0,0
40173,0,0,0,0,0,0,0,1
40142,1,0,1,0,0,0,0,0
40130,0,0,0,0,0,0,0,0
40099,0,0,0,0,0,0,0,0
40134,1,0,1,0,0,0,0,0
40070,1,0,1,0,0,0,0,0
40161,1,0,1,0,0,0,0,0
40068,1,0,1,0,0,0,0,0
40157,1,0,1,0,0,0,0,0
40171,1,0,1,0,0,0,0,0
40141,0,0,0,0,0,0,0,0
40126,0,0,0,0,0,0,0,0
40140,0,0,0,0,0,0,0,0
40170,0,0,0,0,0,0,0,0
40149,0,0,0,0,0,0,0,0
40133,0,0,0,0,0,0,0,0
40158,1,1,9,1,0,0,0,0
40154,0,0,0,0,0,0,0,0
40146,0,0,0,0,0,0,0,0
40164,0,0,0,0,0,0,0,0
40166,1,1,1,1,0,0,0,0
40165,1,1,1,1,0,0,0,0
40168,1,0,1,0,0,0,0,0
40153,1,1,8,7,0,0,0,0
40172,0,0,0,0,0,0,0,0
40038,0,0,0,0,0,0,0,0
40167,0,0,0,0,0,0,0,0
40160,0,0,0,0,0,0,0,0
39827,0,0,0,0,0,0,0,0
40123,1,0,1,0,0,1,0,0
40021,1,0,1,0,0,0,0,0
40125,0,0,0,0,0,0,0,0
40169,0,0,0,0,0,0,0,0
39947,1,1,7,2,0,0,0,0
39901,1,1,10,8,0,0,0,0
124755,0,0,0,0,0,0,0,1
124753,0,0,0,0,0,0,0,1
124713,0,0,0,0,0,0,0,1
124714,0,0,0,0,0,0,0,1
124707,0,0,0,0,0,0,0,1
124701,0,0,0,0,0,0,0,1
124741,0,0,0,0,0,0,0,1
124734,0,0,0,0,0,0,0,1
124733,0,0,0,0,0,0,0,1
124744,0,0,0,0,0,0,0,1
124739,0,0,0,0,0,0,0,1
124746,1,0,1,0,0,0,0,0
124738,1,0,1,0,0,0,0,0
124727,1,0,1,0,0,0,0,0
124710,1,1,1,1,0,0,0,0
124706,1,0,1,0,0,0,0,0
124711,0,0,0,0,0,0,0,0
124705,0,0,0,0,0,0,0,0
124740,0,0,0,0,0,0,0,0
124709,0,0,0,0,0,0,0,0
124712,0,0,0,0,0,0,0,0
124737,0,0,0,0,0,0,0,0
124747,1,0,1,0,0,0,0,0
124735,1,0,7,0,0,0,0,0
124708,0,0,0,0,0,0,0,0
124752,1,0,1,0,0,0,0,0
124736,1,0,1,0,0,0,0,0
124704,0,0,0,0,0,0,0,0
124732,0,0,0,0,0,0,0,0
124729,0,0,0,0,0,0,0,0
124725,0,0,0,0,0,0,0,0
124745,0,0,0,0,0,0,0,0
124757,0,0,0,0,0,0,0,0
124751,0,0,0,0,0,0,0,0
124756,0,0,0,0,0,0,0,0
124743,0,0,0,0,0,0,0,0
124748,1,1,1,1,0,1,0,0
124750,1,1,1,1,0,0,0,0
124726,1,0,2,0,0,0,0,0
124731,0,0,0,0,0,0,0,0
124742,0,0,0,0,0,0,0,0
124716,0,0,0,0,0,0,0,1
124717,0,0,0,0,0,0,0,1
124723,0,0,0,0,0,0,0,1
124715,0,0,0,0,0,0,0,1
124758,1,0,1,0,0,0,0,0
124728,1,0,2,0,0,0,0,0
124702,1,0,1,0,0,0,0,0
124700,0,0,0,0,0,0,0,0
124720,1,0,1,0,0,0,0,0
124721,1,0,1,0,0,0,0,0
124754,1,0,1,0,0,0,0,0
124724,0,0,0,0,0,0,0,0
124749,0,0,0,0,0,0,0,0
124722,1,0,1,0,0,0,0,0
124719,0,0,0,0,0,0,0,0
124730,0,0,0,0,0,0,0,0
124692,0,0,0,0,0,0,0,1
124698,0,0,0,0,0,0,0,1
124697,0,0,0,0,0,0,0,1
124763,1,0,1,0,0,0,0,0
124768,0,0,0,0,0,0,0,1
124766,0,0,0,0,0,0,0,1
124761,0,0,0,0,0,0,0,0
124760,0,0,0,0,0,0,0,0
124775,0,0,0,0,0,0,0,1
124777,0,0,0,0,0,0,0,1
124779,0,0,0,0,0,0,0,1
124693,0,0,0,0,0,0,0,0
124691,0,0,0,0,0,0,0,0
124694,0,0,0,0,0,0,0,0
124765,0,0,0,0,0,0,0,0
124781,0,0,0,0,0,0,0,1
124696,0,0,0,0,0,0,0,0
124695,0,0,0,0,0,0,0,0
124764,0,0,0,0,0,0,0,0
124769,0,0,0,0,0,0,0,0
124767,0,0,0,0,0,0,0,0
124699,0,0,0,0,0,0,0,0
124718,1,0,1,0,0,0,0,0
124770,0,0,0,0,0,0,0,0
124773,1,0,1,0,0,0,0,0
124772,1,1,1,1,0,0,0,0
124788,0,0,0,0,0,0,0,1
124778,0,0,0,0,0,0,0,0
124780,1,0,1,0,0,0,0,0
124759,1,1,1,1,0,0,0,0
124782,0,0,0,0,0,0,0,0
124774,0,0,0,0,0,0,0,0
124771,1,0,1,0,0,0,0,0
124783,0,0,0,0,0,0,0,0
124776,0,0,0,0,0,0,0,0
124789,0,0,0,0,0,0,0,1
124786,1,1,1,1,0,0,0,0
124784,0,0,0,0,0,0,0,0
124787,0,0,0,0,0,0,0,0
124792,0,0,0,0,0,0,0,1
124762,1,0,0,0,0,0,0,0
124796,0,0,0,0,0,0,0,1
124800,0,0,0,0,0,0,0,1
124799,0,0,0,0,0,0,0,1
124798,0,0,0,0,0,0,0,1
124803,0,0,0,0,0,0,0,1
124801,0,0,0,0,0,0,0,1
124802,0,0,0,0,0,0,0,1
124805,0,0,0,0,0,0,0,1
124806,0,0,0,0,0,0,0,1
124804,0,0,0,0,0,0,0,1
124791,0,0,0,0,0,0,0,0
124809,0,0,0,0,0,0,0,1
124807,0,0,0,0,0,0,0,1
124808,0,0,0,0,0,0,0,1
124794,0,0,0,0,0,0,0,0
124795,1,0,1,0,0,0,0,0
124793,1,1,1,1,1,0,0,0
124785,1,1,1,1,0,0,0,0
124797,1,1,1,1,0,0,0,0
124790,1,0,1,0,0,0,0,0
124819,0,0,0,0,0,0,0,1
124810,1,0,1,0,0,0,0,0
124812,0,0,0,0,0,0,0,0
124820,0,0,0,0,0,0,0,1
124822,0,0,0,0,0,0,0,1
124823,0,0,0,0,0,0,0,1
124816,0,0,0,0,0,0,0,0
124815,0,0,0,0,0,0,0,0
124817,0,0,0,0,0,0,0,0
124813,0,0,0,0,0,0,0,0
124818,0,0,0,0,0,0,0,0
124831,0,0,0,0,0,0,0,1
124825,1,0,1,0,0,0,0,0
124837,0,0,0,0,0,0,0,1
124838,0,0,0,0,0,0,0,1
124821,0,0,0,0,0,0,0,0
124841,0,0,0,0,0,0,0,1
124839,0,0,0,0,0,0,0,1
124840,0,0,0,0,0,0,0,1
124843,0,0,0,0,0,0,0,1
124814,1,0,0,0,0,0,0,0
124828,0,0,0,0,0,0,0,0
124829,0,0,0,0,0,0,0,0
124833,0,0,0,0,0,0,0,0
124826,0,0,0,0,0,0,0,0
124834,0,0,0,0,0,0,0,0
124830,1,0,1,0,0,0,0,0
124852,0,0,0,0,0,0,0,1
124855,0,0,0,0,0,0,0,1
124832,1,0,1,0,0,0,0,0
124824,1,0,1,0,0,0,0,0
124845,0,0,0,0,0,0,0,0
124842,1,0,3,0,0,0,0,0
124847,0,0,0,0,0,0,0,0
124858,1,0,1,0,0,0,0,0
124850,1,1,1,1,0,0,0,0
124854,0,0,0,0,0,0,0,0
124856,0,0,0,0,0,0,0,0
124853,1,0,1,0,0,0,0,0
124844,0,0,0,0,0,0,0,0
124851,0,0,0,0,0,0,0,0
124836,0,0,0,0,0,0,0,0
124848,0,0,0,0,0,0,0,0
124827,1,0,1,0,0,0,0,0
124835,0,0,0,0,0,0,0,0
124859,0,0,0,0,0,0,0,0
124857,0,0,0,0,0,0,0,0
124846,1,1,1,1,0,0,0,0
124866,0,0,0,0,0,0,0,1
124860,0,0,0,0,0,0,0,1
124849,0,0,0,0,0,0,0,0
124863,0,0,0,0,0,0,0,0
124869,0,0,0,0,0,0,0,0
124862,0,0,0,0,0,0,0,0
124861,0,0,0,0,0,0,0,0
124864,0,0,0,0,0,0,0,0
124865,0,0,0,0,0,0,0,0
124867,0,0,0,0,0,0,0,0
124875,0,0,0,0,0,0,0,1
124877,0,0,0,0,0,0,0,1
124883,0,0,0,0,0,0,0,1
124878,0,0,0,0,0,0,0,1
124880,0,0,0,0,0,0,0,1
124884,0,0,0,0,0,0,0,1
124888,0,0,0,0,0,0,0,1
124886,0,0,0,0,0,0,0,1
124868,0,0,0,0,0,0,0,0
124876,0,0,0,0,0,0,0,1
124890,1,0,1,0,0,0,0,0
124899,0,0,0,0,0,0,0,1
124897,0,0,0,0,0,0,0,1
124901,0,0,0,0,0,0,0,1
124898,0,0,0,0,0,0,0,1
124900,0,0,0,0,0,0,0,1
124882,1,0,0,0,0,0,0,0
124894,0,0,0,0,0,0,0,0
124881,0,0,0,0,0,0,0,0
124916,0,0,0,0,0,0,0,1
124873,1,1,1,1,0,0,0,0
124907,0,0,0,0,0,0,0,0
124891,1,0,1,0,0,0,0,0
124906,0,0,0,0,0,0,0,0
124872,0,0,0,0,0,0,0,0
124870,1,0,2,0,0,0,0,0
124874,0,0,0,0,0,0,0,0
124908,0,0,0,0,0,0,0,0
124910,1,0,1,0,0,0,0,0
124892,1,1,1,1,1,0,0,0
124905,0,0,0,0,0,0,0,0
124871,0,0,0,0,0,0,0,0
124925,0,0,0,0,0,0,0,1
124923,0,0,0,0,0,0,0,1
124895,0,0,0,0,0,0,0,0
124909,0,0,0,0,0,0,0,0
124896,0,0,0,0,0,0,0,0
124902,0,0,0,0,0,0,0,0
124911,1,1,1,1,0,0,0,0
124927,0,0,0,0,0,0,0,1
124904,0,0,0,0,0,0,0,0
124912,1,1,1,1,0,0,0,0
124914,0,0,0,0,0,0,0,0
124924,0,0,0,0,0,0,0,1
124918,1,1,1,1,0,0,0,0
124885,0,0,0,0,0,0,0,0
124922,1,0,1,0,0,0,0,0
124903,1,0,1,0,0,0,0,0
124920,0,0,0,0,0,0,0,0
124930,0,0,0,0,0,0,0,1
124889,0,0,0,0,0,0,0,0
124913,1,1,2,1,0,0,0,0
124915,0,0,0,0,0,0,0,0
124893,1,0,1,0,0,0,0,0
124928,1,0,1,0,0,0,0,0
124940,0,0,0,0,0,0,0,1
124926,0,0,0,0,0,0,0,0
124929,1,0,1,0,0,0,0,0
124887,0,0,0,0,0,0,0,0
124943,0,0,0,0,0,0,0,1
124932,0,0,0,0,0,0,0,0
124947,0,0,0,0,0,0,0,1
124938,0,0,0,0,0,0,0,0
124936,0,0,0,0,0,0,0,0
124935,0,0,0,0,0,0,0,0
124933,0,0,0,0,0,0,0,0
124931,1,1,2,2,0,0,0,0
124939,0,0,0,0,0,0,0,0
124959,0,0,0,0,0,0,0,1
124963,0,0,0,0,0,0,0,1
124967,0,0,0,0,0,0,0,1
124951,1,0,1,0,0,0,0,0
124942,0,0,0,0,0,0,0,0
124953,1,0,1,0,0,0,0,0
124945,0,0,0,0,0,0,0,0
124954,1,0,1,0,0,0,0,0
124934,0,0,0,0,0,0,0,0
124944,0,0,0,0,0,0,0,0
124952,0,0,0,0,0,0,0,0
124950,0,0,0,0,0,0,0,0
124957,0,0,0,0,0,0,0,0
124948,0,0,0,0,0,0,0,0
124958,0,0,0,0,0,0,0,0
124956,0,0,0,0,0,0,0,0
124975,0,0,0,0,0,0,0,1
124978,0,0,0,0,0,0,0,1
124980,0,0,0,0,0,0,0,1
124969,1,0,1,0,0,0,0,0
124949,1,1,1,1,0,0,0,0
124966,0,0,0,0,0,0,0,0
124965,0,0,0,0,0,0,0,0
124921,0,0,0,0,0,0,0,0
124955,0,0,0,0,0,0,0,0
124962,1,0,1,0,0,0,0,0
124961,0,0,0,0,0,0,0,0
124972,1,0,1,0,0,0,0,0
124971,1,1,1,1,0,0,0,0
124917,1,0,2,0,0,0,0,0
124990,0,0,0,0,0,0,0,1
124970,0,0,0,0,0,0,0,0
124981,0,0,0,0,0,0,0,0
124977,0,0,0,0,0,0,0,0
124994,0,0,0,0,0,0,0,1
124968,1,1,1,1,0,0,0,0
124973,0,0,0,0,0,0,0,0
124982,0,0,0,0,0,0,0,0
124976,1,0,1,0,0,0,0,0
124979,0,0,0,0,0,0,0,0
124995,0,0,0,0,0,0,0,1
124988,1,0,1,0,0,0,0,0
124984,0,0,0,0,0,0,0,0
124985,0,0,0,0,0,0,0,0
124983,0,0,0,0,0,0,0,0
124811,1,0,3,0,0,0,0,0
124997,0,0,0,0,0,0,0,1
124998,0,0,0,0,0,0,0,1
124999,0,0,0,0,0,0,0,1
124996,0,0,0,0,0,0,0,1
124937,0,0,0,0,0,0,0,0
124992,0,0,0,0,0,0,0,0
124986,1,1,1,1,0,0,0,0
124989,0,0,0,0,0,0,0,0
125003,0,0,0,0,0,0,0,1
125000,0,0,0,0,0,0,0,1
124993,1,0,1,0,0,0,0,0
125006,0,0,0,0,0,0,0,1
124946,1,0,1,0,0,0,0,0
125010,0,0,0,0,0,0,0,1
124991,0,0,0,0,0,0,0,0
124960,1,1,1,1,0,0,0,0
125001,0,0,0,0,0,0,0,0
125016,0,0,0,0,0,0,0,1
125002,0,0,0,0,0,0,0,0
125005,0,0,0,0,0,0,0,0
124879,1,1,1,1,0,0,0,0
125008,0,0,0,0,0,0,0,0
125025,0,0,0,0,0,0,0,1
125026,0,0,0,0,0,0,0,1
125027,0,0,0,0,0,0,0,1
125009,0,0,0,0,0,0,0,0
125028,0,0,0,0,0,0,0,1
125020,1,0,1,0,0,0,0,0
125013,0,0,0,0,0,0,0,0
125015,0,0,0,0,0,0,0,0
125030,0,0,0,0,0,0,0,1
125031,0,0,0,0,0,0,0,1
125017,0,0,0,0,0,0,0,0
125029,0,0,0,0,0,0,0,1
125012,0,0,0,0,0,0,0,0
125014,0,0,0,0,0,0,0,0
125024,0,0,0,0,0,0,0,0
125019,0,0,0,0,0,0,0,0
125042,0,0,0,0,0,0,0,1
125043,0,0,0,0,0,0,0,1
125050,0,0,0,0,0,0,0,1
125049,0,0,0,0,0,0,0,1
125053,0,0,0,0,0,0,0,1
125054,0,0,0,0,0,0,0,1
125055,0,0,0,0,0,0,0,1
125056,0,0,0,0,0,0,0,1
125018,1,1,1,1,0,0,0,0
124974,1,0,1,0,0,0,0,0
125004,1,0,1,0,0,0,0,0
125023,1,0,1,0,0,0,0,0
125022,0,0,0,0,0,0,0,0
125007,1,0,1,0,0,0,0,0
125046,1,0,1,0,0,0,0,0
125051,1,0,1,0,0,0,0,0
125033,1,0,1,0,0,0,0,0
125021,0,0,0,0,0,0,0,0
125060,1,1,1,1,0,0,0,0
125011,1,0,1,0,0,0,0,0
125047,0,0,0,0,0,0,0,0
125038,1,1,1,1,0,0,0,0
125037,0,0,0,0,0,0,0,0
125035,0,0,0,0,0,0,0,0
125032,1,1,1,1,0,0,0,0
125041,1,1,1,1,0,0,0,0
125040,0,0,0,0,0,0,0,0
125039,0,0,0,0,0,0,0,0
125048,0,0,0,0,0,0,0,0
125036,0,0,0,0,0,0,0,0
124987,1,1,8,1,0,0,0,0
125034,0,0,0,0,0,0,0,0
125064,0,0,0,0,0,0,0,1
125067,0,0,0,0,0,0,0,1
124941,1,0,1,0,0,0,0,0
125045,1,0,1,0,0,0,0,0
125065,0,0,0,0,0,0,0,0
125068,0,0,0,0,0,0,0,0
125058,0,0,0,0,0,0,0,0
125066,0,0,0,0,0,0,0,0
125059,0,0,0,0,0,0,0,0
125061,0,0,0,0,0,0,0,0
124964,1,0,1,0,0,0,0,0
124703,1,1,1,1,0,0,0,0
125062,1,0,1,0,0,0,0,0
125057,1,0,1,0,0,0,0,0
125063,0,0,0,0,0,0,0,0
125044,1,1,1,1,0,0,0,0
125069,1,0,1,0,0,0,0,0
124919,1,1,44,5,0,0,0,0
296235,0,0,0,0,0,0,0,1
296238,0,0,0,0,0,0,0,1
296253,0,0,0,0,0,0,0,1
296212,0,0,0,0,0,0,0,1
296258,0,0,0,0,0,0,0,1
296222,0,0,0,0,0,0,0,1
296226,0,0,0,0,0,0,0,1
296264,0,0,0,0,0,0,0,1
296229,0,0,0,0,0,0,0,0
296250,1,1,1,1,0,0,0,0
296230,0,0,0,0,0,0,0,0
296255,0,0,0,0,0,0,0,0
296237,0,0,0,0,0,0,0,0
296232,0,0,0,0,0,0,0,0
296243,0,0,0,0,0,0,0,0
296213,0,0,0,0,0,0,0,0
296273,0,0,0,0,0,0,0,0
296239,0,0,0,0,0,0,0,0
296265,0,0,0,0,0,0,0,0
296251,1,0,1,0,0,0,0,0
296247,0,0,0,0,0,0,0,0
296252,0,0,0,0,0,0,0,0
296241,0,0,0,0,0,0,0,0
296236,0,0,0,0,0,0,0,0
296214,0,0,0,0,0,0,0,0
296246,0,0,0,0,0,0,0,0
296240,0,0,0,0,0,0,0,0
296245,0,0,0,0,0,0,0,0
296215,0,0,0,0,0,0,0,0
296248,1,0,1,0,0,0,0,0
296218,0,0,0,0,0,0,0,0
296272,1,0,1,0,0,0,0,0
296263,0,0,0,0,0,0,0,0
296271,0,0,0,0,0,0,0,0
296266,0,0,0,0,0,0,0,0
296268,0,0,0,0,0,0,0,0
296274,1,0,1,0,0,0,0,0
296259,1,0,1,0,0,0,0,0
296269,0,0,0,0,0,0,0,0
296234,0,0,0,0,0,0,0,0
296249,1,0,1,0,0,0,0,0
296244,0,0,0,0,0,0,0,0
296270,0,0,0,0,0,0,0,0
296224,1,0,1,0,0,0,0,0
296278,1,0,1,0,0,0,0,0
296256,0,0,0,0,0,0,0,0
296257,1,0,1,0,0,0,0,0
296276,1,1,1,1,0,0,0,0
296220,1,0,1,0,0,0,0,0
296221,0,0,0,0,0,0,0,0
296223,0,0,0,0,0,0,0,0
296217,0,0,0,0,0,0,0,0
296275,1,1,1,1,0,0,0,0
296261,0,0,0,0,0,0,0,0
296254,1,1,1,1,0,0,0,0
296219,1,0,2,0,0,0,0,0
296225,1,0,1,0,0,0,0,0
296260,0,0,0,0,0,0,0,0
296231,0,0,0,0,0,0,0,0
296227,0,0,0,0,0,0,0,0
296267,1,1,1,1,0,0,0,0
296279,0,0,0,0,0,0,0,1
296262,1,0,1,0,0,1,0,0
296216,1,1,1,1,0,0,0,0
296277,0,0,0,0,0,0,0,0
296318,0,0,0,0,0,0,0,1
296319,1,1,1,1,0,0,0,0
296306,1,0,1,0,0,0,0,0
296293,0,0,0,0,0,0,0,0
296301,1,1,1,1,0,0,0,0
296285,0,0,0,0,0,0,0,0
296283,0,0,0,0,0,0,0,0
296291,0,0,0,0,0,0,0,0
296287,0,0,0,0,0,0,0,0
296297,0,0,0,0,0,0,0,0
296312,1,0,1,0,0,0,0,0
296228,1,1,2,1,0,0,0,0
296284,0,0,0,0,0,0,0,0
296304,0,0,0,0,0,0,0,0
296326,0,0,0,0,0,0,0,1
296338,0,0,0,0,0,0,0,1
296315,0,0,0,0,0,0,0,0
296323,0,0,0,0,0,0,0,1
296286,1,0,1,0,0,0,0,0
296294,1,0,1,0,0,0,0,0
296303,0,0,0,0,0,0,0,0
296308,0,0,0,0,0,0,0,0
296340,0,0,0,0,0,0,0,0
296332,1,0,1,0,0,0,0,0
296333,0,0,0,0,0,0,0,0
296339,0,0,0,0,0,0,0,0
296310,1,0,1,0,0,0,0,0
296320,0,0,0,0,0,0,0,0
296341,1,0,1,0,0,0,0,0
296342,0,0,0,0,0,0,0,1
296313,0,0,0,0,0,0,0,0
296328,0,0,0,0,0,0,0,0
296347,0,0,0,0,0,0,0,1
296290,1,1,1,1,0,0,0,0
296324,0,0,0,0,0,0,0,0
296351,0,0,0,0,0,0,0,1
296329,0,0,0,0,0,0,0,0
296344,0,0,0,0,0,0,0,0
296345,0,0,0,0,0,0,0,0
296298,1,1,2,1,1,0,0,0
296359,0,0,0,0,0,0,0,1
296348,0,0,0,0,0,0,0,0
296349,0,0,0,0,0,0,0,0
296350,0,0,0,0,0,0,0,0
296352,1,0,1,0,0,0,0,0
296327,0,0,0,0,0,0,0,0
296311,0,0,0,0,0,0,0,0
296316,0,0,0,0,0,0,0,0
296296,0,0,0,0,0,0,0,0
296353,0,0,0,0,0,0,0,0
296354,0,0,0,0,0,0,0,0
296356,0,0,0,0,0,0,0,0
296281,1,1,2,1,0,0,0,0
296364,1,0,1,0,0,0,0,0
296374,1,0,1,0,0,0,0,0
296282,0,0,0,0,0,0,0,0
296371,0,0,0,0,0,0,0,0
296302,1,0,1,0,0,0,0,0
296292,0,0,0,0,0,0,0,0
296361,0,0,0,0,0,0,0,0
296289,0,0,0,0,0,0,0,0
296360,0,0,0,0,0,0,0,0
296305,1,0,2,0,0,0,0,0
296300,0,0,0,0,0,0,0,0
296369,1,0,1,0,0,0,0,0
296362,0,0,0,0,0,0,0,0
296295,0,0,0,0,0,0,0,0
296307,0,0,0,0,0,0,0,0
296373,0,0,0,0,0,0,0,0
296299,1,0,0,0,0,0,0,0
296370,0,0,0,0,0,0,0,0
296376,0,0,0,0,0,0,0,1
296314,0,0,0,0,0,0,0,1
296358,1,0,1,0,0,0,0,0
296368,1,0,2,0,0,0,0,0
296357,0,0,0,0,0,0,0,0
296280,1,0,1,0,0,0,0,0
296372,1,0,1,0,0,0,0,0
296365,0,0,0,0,0,0,0,0
296322,1,0,1,0,0,0,0,0
296383,0,0,0,0,0,0,0,0
296325,0,0,0,0,0,0,0,0
296379,0,0,0,0,0,0,0,0
296382,0,0,0,0,0,0,0,0
296337,1,0,1,0,0,0,0,0
296336,0,0,0,0,0,0,0,0
296381,0,0,0,0,0,0,0,0
296309,0,0,0,0,0,0,0,0
296363,0,0,0,0,0,0,0,1
296397,0,0,0,0,0,0,0,1
296233,1,0,1,0,0,0,0,0
296387,0,0,0,0,0,0,0,1
296366,1,0,1,0,0,0,0,0
296346,1,0,1,0,0,0,0,0
296390,1,0,1,0,0,0,0,0
296375,0,0,0,0,0,0,0,0
296378,0,0,0,0,0,0,0,0
296395,1,0,1,0,0,0,0,0
296331,0,0,0,0,0,0,0,0
296334,0,0,0,0,0,0,0,0
296377,1,0,1,0,0,0,0,0
296321,0,0,0,0,0,0,0,0
296335,1,1,1,1,0,0,0,0
296394,1,1,1,1,0,0,0,0
296389,0,0,0,0,0,0,0,0
296367,1,1,1,1,0,0,0,0
296343,1,1,1,1,0,0,0,0
296380,0,0,0,0,0,0,0,0
296388,1,1,1,1,0,0,0,0
296391,0,0,0,0,0,0,0,0
296386,1,0,1,0,0,0,0,0
296317,1,0,1,0,0,0,0,0
296355,0,0,0,0,0,0,0,0
296393,1,0,1,0,0,0,0,0
296384,1,0,1,0,0,0,0,0
296399,0,0,0,0,0,0,0,1
296392,0,0,0,0,0,0,0,0
296414,1,0,1,0,0,0,0,0
296417,0,0,0,0,0,0,0,1
296402,0,0,0,0,0,0,0,0
296410,1,0,1,0,0,0,0,0
296411,0,0,0,0,0,0,0,0
296409,1,1,1,1,0,0,0,0
296404,0,0,0,0,0,0,0,0
296415,0,0,0,0,0,0,0,0
296401,0,0,0,0,0,0,0,0
296413,0,0,0,0,0,0,0,0
296242,1,1,1,1,0,0,0,0
296412,0,0,0,0,0,0,0,0
296408,0,0,0,0,0,0,0,0
296398,0,0,0,0,0,0,0,0
296416,0,0,0,0,0,0,0,0
296418,0,0,0,0,0,0,0,0
296400,0,0,0,0,0,0,0,0
296407,0,0,0,0,0,0,0,0
296396,1,1,1,1,0,0,0,0
296429,0,0,0,0,0,0,0,1
296427,1,0,1,0,0,0,0,0
296406,1,1,14,4,0,0,0,0
296405,1,0,1,0,0,0,0,0
296424,0,0,0,0,0,0,0,0
296419,0,0,0,0,0,0,0,0
296420,1,0,1,0,0,0,0,0
296431,0,0,0,0,0,0,0,0
296447,0,0,0,0,0,0,0,1
296428,0,0,0,0,0,0,0,0
296455,0,0,0,0,0,0,0,1
296425,1,0,1,0,0,0,0,0
296430,0,0,0,0,0,0,0,0
296434,0,0,0,0,0,0,0,0
296437,0,0,0,0,0,0,0,0
296426,0,0,0,0,0,0,0,0
296441,0,0,0,0,0,0,0,0
296433,0,0,0,0,0,0,0,0
296403,1,1,1,1,0,0,0,0
296432,1,0,1,0,0,0,0,0
296421,0,0,0,0,0,0,0,0
296444,1,0,1,0,0,0,0,0
296438,0,0,0,0,0,0,0,0
296435,1,0,1,0,0,0,0,0
296439,1,0,1,0,0,0,0,0
296422,1,0,1,0,0,0,0,0
296423,0,0,0,0,0,0,0,0
296457,1,1,1,1,0,0,0,0
296453,0,0,0,0,0,0,0,0
296456,0,0,0,0,0,0,0,0
296446,0,0,0,0,0,0,0,0
296449,0,0,0,0,0,0,0,0
296440,0,0,0,0,0,0,0,0
296443,1,0,1,0,0,0,0,0
296442,1,0,1,0,0,0,0,0
296470,0,0,0,0,0,0,0,1
296477,0,0,0,0,0,0,0,1
296460,0,0,0,0,0,0,0,0
296458,0,0,0,0,0,0,0,0
296463,1,0,1,0,0,0,0,0
296459,0,0,0,0,0,0,0,0
296465,0,0,0,0,0,0,0,0
296466,0,0,0,0,0,0,0,0
296452,1,1,1,1,0,0,0,0
296462,0,0,0,0,0,0,0,0
296467,0,0,0,0,0,0,0,0
296445,0,0,0,0,0,0,0,0
296468,0,0,0,0,0,0,0,0
296486,0,0,0,0,0,0,0,1
296451,0,0,0,0,0,0,0,0
296385,1,0,1,0,0,0,0,0
296489,0,0,0,0,0,0,0,1
296464,1,0,1,0,0,0,0,0
296488,0,0,0,0,0,0,0,1
296496,0,0,0,0,0,0,0,1
296469,0,0,0,0,0,0,0,0
296479,0,0,0,0,0,0,0,0
296482,1,1,1,1,0,0,0,0
296474,0,0,0,0,0,0,0,0
296473,0,0,0,0,0,0,0,0
296502,0,0,0,0,0,0,0,0
296330,1,0,1,0,0,0,0,0
296495,0,0,0,0,0,0,0,0
296499,0,0,0,0,0,0,0,0
296480,0,0,0,0,0,0,0,0
296454,0,0,0,0,0,0,0,0
296491,0,0,0,0,0,0,0,0
296492,0,0,0,0,0,0,0,0
296478,1,1,2,2,0,0,0,0
296436,0,0,0,0,0,0,0,0
296481,0,0,0,0,0,0,0,0
296501,0,0,0,0,0,0,0,0
296487,0,0,0,0,0,0,0,0
296493,1,0,1,0,0,0,0,0
296472,1,0,1,0,0,0,0,0
296476,0,0,0,0,0,0,0,0
296490,1,0,1,0,0,0,0,0
296497,0,0,0,0,0,0,0,0
296475,0,0,0,0,0,0,0,0
296483,0,0,0,0,0,0,0,0
296498,0,0,0,0,0,0,0,0
296450,1,0,1,0,0,0,0,0
296520,0,0,0,0,0,0,0,1
296503,0,0,0,0,0,0,0,1
296500,0,0,0,0,0,0,0,1
296471,1,0,2,0,0,0,0,0
296484,1,0,1,0,0,0,0,0
296448,0,0,0,0,0,0,0,0
296507,0,0,0,0,0,0,0,0
296509,0,0,0,0,0,0,0,0
296519,0,0,0,0,0,0,0,0
296518,1,0,1,0,0,0,0,0
296515,1,1,1,1,0,0,0,0
296494,0,0,0,0,0,0,0,0
296512,0,0,0,0,0,0,0,0
296516,0,0,0,0,0,0,0,0
296514,0,0,0,0,0,0,0,0
296504,0,0,0,0,0,0,0,0
296506,1,0,1,0,0,0,0,0
296505,1,0,1,0,0,0,0,0
296522,1,1,1,1,0,0,0,0
296517,0,0,0,0,0,0,0,0
296508,0,0,0,0,0,0,0,0
296523,1,1,5,1,0,0,0,0
296521,1,0,1,0,0,0,0,0
296525,0,0,0,0,0,0,0,0
296548,0,0,0,0,0,0,0,1
296531,1,0,1,0,0,0,0,0
296545,0,0,0,0,0,0,0,1
296544,0,0,0,0,0,0,0,1
296530,0,0,0,0,0,0,0,0
296535,1,0,1,0,0,0,0,0
296533,1,1,1,1,0,0,0,0
296539,0,0,0,0,0,0,0,1
296524,1,0,2,0,0,0,0,0
296526,0,0,0,0,0,0,0,0
296532,0,0,0,0,0,0,0,0
296529,1,0,1,0,0,0,0,0
296510,1,1,1,1,0,0,0,0
296534,0,0,0,0,0,0,0,0
296536,1,1,1,1,0,0,0,0
296564,0,0,0,0,0,0,0,1
296542,0,0,0,0,0,0,0,0
296540,0,0,0,0,0,0,0,0
296549,1,0,1,0,0,0,0,0
296537,0,0,0,0,0,0,0,0
296543,0,0,0,0,0,0,0,0
296546,1,1,1,1,0,0,0,0
296538,0,0,0,0,0,0,0,0
296556,0,0,0,0,0,0,0,0
296555,1,0,1,0,0,0,0,0
296558,1,0,1,0,0,0,0,0
296551,0,0,0,0,0,0,0,0
296559,0,0,0,0,0,0,0,0
296554,0,0,0,0,0,0,0,0
296560,0,0,0,0,0,0,0,0
296541,0,0,0,0,0,0,0,0
296561,0,0,0,0,0,0,0,0
296552,0,0,0,0,0,0,0,0
296557,0,0,0,0,0,0,0,0
296573,0,0,0,0,0,0,0,1
296565,0,0,0,0,0,0,0,0
296562,0,0,0,0,0,0,0,0
296485,1,0,1,0,0,0,0,0
296587,0,0,0,0,0,0,0,1
296568,1,0,1,0,0,0,0,0
296566,0,0,0,0,0,0,0,0
296570,0,0,0,0,0,0,0,0
296569,0,0,0,0,0,0,0,0
296547,1,0,0,0,0,0,0,0
296582,1,0,1,0,0,0,0,0
296572,0,0,0,0,0,0,0,0
296588,0,0,0,0,0,0,0,0
296567,0,0,0,0,0,0,0,0
296575,0,0,0,0,0,0,0,0
296584,0,0,0,0,0,0,0,0
296563,1,0,1,0,0,0,0,0
296574,0,0,0,0,0,0,0,0
296581,0,0,0,0,0,0,0,0
296576,1,0,1,0,0,0,0,0
296585,0,0,0,0,0,0,0,0
296579,0,0,0,0,0,0,0,0
296553,1,0,0,0,0,0,0,0
296578,1,1,1,1,0,0,0,0
296571,0,0,0,0,0,0,0,0
296577,1,0,17,0,0,0,0,0
296589,1,0,0,0,0,0,0,0
296580,1,0,1,0,0,0,0,0
296550,1,0,6,0,0,0,0,0
296528,1,0,2,0,0,0,0,0
296586,1,0,1,0,0,0,0,0
296513,0,0,0,0,0,0,0,0
296461,1,0,1,0,0,0,0,0
296288,1,0,1,0,0,0,0,0
296511,1,0,1,0,0,0,0,0
296583,1,0,2,0,0,0,0,0
331431,0,0,0,0,0,0,0,1
331460,0,0,0,0,0,0,0,1
331367,0,0,0,0,0,0,0,1
331419,0,0,0,0,0,0,0,1
331429,0,0,0,0,0,0,0,1
331397,0,0,0,0,0,0,0,1
331432,0,0,0,0,0,0,0,1
331434,0,0,0,0,0,0,0,1
331416,0,0,0,0,0,0,0,1
331420,0,0,0,0,0,0,0,1
331388,0,0,0,0,0,0,0,1
331450,0,0,0,0,0,0,0,1
331455,0,0,0,0,0,0,0,1
331387,0,0,0,0,0,0,0,1
331413,0,0,0,0,0,0,0,1
331369,0,0,0,0,0,0,0,1
331454,0,0,0,0,0,0,0,1
331368,0,0,0,0,0,0,0,1
331446,0,0,0,0,0,0,0,1
331459,0,0,0,0,0,0,0,1
331458,0,0,0,0,0,0,0,1
331383,0,0,0,0,0,0,0,1
331441,0,0,0,0,0,0,0,1
331411,0,0,0,0,0,0,0,1
331412,0,0,0,0,0,0,0,1
331440,0,0,0,0,0,0,0,1
331435,1,0,1,0,0,0,0,0
331394,1,0,1,0,0,0,0,0
331456,1,0,1,0,0,0,0,0
331392,0,0,0,0,0,0,0,0
331462,1,0,1,0,0,0,0,0
331390,0,0,0,0,0,0,0,0
331436,1,0,1,0,0,0,0,0
331385,1,0,1,0,0,0,0,0
331453,1,0,1,0,0,0,0,0
331395,0,0,0,0,0,0,0,0
331422,0,0,0,0,0,0,0,0
331374,1,0,1,0,0,0,0,0
331421,0,0,0,0,0,0,0,0
331404,0,0,0,0,0,0,0,0
331403,0,0,0,0,0,0,0,0
331393,0,0,0,0,0,0,0,0
331381,1,1,1,1,0,0,0,0
331427,0,0,0,0,0,0,0,0
331439,1,1,1,1,0,0,0,0
331379,1,0,1,0,0,0,0,0
331402,0,0,0,0,0,0,0,0
331366,0,0,0,0,0,0,0,0
331430,0,0,0,0,0,0,0,0
331405,0,0,0,0,0,0,0,0
331409,0,0,0,0,0,0,0,0
331448,0,0,0,0,0,0,0,0
331376,1,0,1,0,0,0,0,0
331464,0,0,0,0,0,0,0,0
331398,0,0,0,0,0,0,0,0
331408,0,0,0,0,0,0,0,0
331384,0,0,0,0,0,0,0,0
331433,0,0,0,0,0,0,0,0
331465,0,0,0,0,0,0,0,0
331449,0,0,0,0,0,0,0,0
331423,0,0,0,0,0,0,0,0
331406,0,0,0,0,0,0,0,0
331382,0,0,0,0,0,0,0,0
331452,0,0,0,0,0,0,0,0
331428,0,0,0,0,0,0,0,0
331370,0,0,0,0,0,0,0,0
331444,0,0,0,0,0,0,0,0
331457,0,0,0,0,0,0,0,0
331380,0,0,0,0,0,0,0,0
331415,0,0,0,0,0,0,0,0
331424,0,0,0,0,0,0,0,0
331378,0,0,0,0,0,0,0,0
331447,0,0,0,0,0,0,0,0
331414,1,1,1,1,0,0,0,0
331389,0,0,0,0,0,0,0,0
331373,0,0,0,0,0,0,0,0
331391,0,0,0,0,0,0,0,0
331410,0,0,0,0,0,0,0,0
331386,1,1,3,1,0,0,0,0
331461,1,1,1,1,0,0,0,0
331372,1,1,1,1,0,0,0,0
331377,1,0,1,0,0,0,0,0
331425,0,0,0,0,0,0,0,0
331463,0,0,0,0,0,0,0,0
331371,0,0,0,0,0,0,0,0
331445,0,0,0,0,0,0,0,0
331396,0,0,0,0,0,0,0,0
331407,1,0,0,0,0,0,0,0
331437,0,0,0,0,0,0,0,0
331426,0,0,0,0,0,0,0,0
331468,0,0,0,0,0,0,0,0
331466,0,0,0,0,0,0,0,0
331469,0,0,0,0,0,0,0,0
331531,0,0,0,0,0,0,0,1
331530,0,0,0,0,0,0,0,1
331537,0,0,0,0,0,0,0,1
331541,0,0,0,0,0,0,0,1
331557,0,0,0,0,0,0,0,1
331553,0,0,0,0,0,0,0,1
331549,0,0,0,0,0,0,0,1
331539,0,0,0,0,0,0,0,1
331467,1,1,1,1,0,0,0,0
331545,1,0,4,0,0,0,0,0
331542,1,0,1,0,0,0,0,0
331534,0,0,0,0,0,0,0,0
331555,0,0,0,0,0,0,0,0
331548,0,0,0,0,0,0,0,0
331533,0,0,0,0,0,0,0,0
331543,0,0,0,0,0,0,0,0
331546,0,0,0,0,0,0,0,0
331535,0,0,0,0,0,0,0,0
331536,0,0,0,0,0,0,0,0
331540,0,0,0,0,0,0,0,0
331544,0,0,0,0,0,0,0,0
331550,0,0,0,0,0,0,0,0
331551,0,0,0,0,0,0,0,0
331375,0,0,0,0,0,0,0,0
331556,0,0,0,0,0,0,0,0
331538,0,0,0,0,0,0,0,0
331554,1,1,1,1,0,0,0,0
331443,0,0,0,0,0,0,0,0
331529,1,0,1,0,0,0,0,0
331577,0,0,0,0,0,0,0,1
331615,0,0,0,0,0,0,0,1
331576,0,0,0,0,0,0,0,1
331607,0,0,0,0,0,0,0,1
331565,0,0,0,0,0,0,0,1
331562,0,0,0,0,0,0,0,1
331580,0,0,0,0,0,0,0,1
331572,0,0,0,0,0,0,0,1
331590,0,0,0,0,0,0,0,1
331511,0,0,0,0,0,0,0,1
331512,0,0,0,0,0,0,0,1
331503,0,0,0,0,0,0,0,1
331518,0,0,0,0,0,0,0,1
331616,0,0,0,0,0,0,0,1
331513,0,0,0,0,0,0,0,1
331509,0,0,0,0,0,0,0,1
331478,0,0,0,0,0,0,0,1
331500,0,0,0,0,0,0,0,1
331563,0,0,0,0,0,0,0,1
331477,0,0,0,0,0,0,0,1
331481,0,0,0,0,0,0,0,1
331617,0,0,0,0,0,0,0,1
331564,0,0,0,0,0,0,0,1
331479,0,0,0,0,0,0,0,1
331470,0,0,0,0,0,0,0,1
331480,0,0,0,0,0,0,0,1
331501,0,0,0,0,0,0,0,1
331502,0,0,0,0,0,0,0,1
331510,0,0,0,0,0,0,0,1
331498,0,0,0,0,0,0,0,1
331438,1,1,1,1,0,0,0,0
331600,0,0,0,0,0,0,0,1
331475,0,0,0,0,0,0,0,1
331504,0,0,0,0,0,0,0,1
331471,0,0,0,0,0,0,0,1
331560,1,0,1,0,0,0,0,0
331492,0,0,0,0,0,0,0,1
331514,1,0,1,0,0,0,0,0
331589,1,1,1,1,0,0,0,0
331571,0,0,0,0,0,0,0,0
331516,1,1,1,1,0,0,0,0
331575,1,0,1,0,0,0,0,0
331527,1,0,1,0,0,0,0,0
331521,1,0,1,0,0,0,0,0
331588,1,0,1,0,0,0,0,0
331506,1,0,1,0,0,0,0,0
331442,0,0,0,0,0,0,0,0
331595,0,0,0,0,0,0,0,0
331566,0,0,0,0,0,0,0,0
331585,0,0,0,0,0,0,0,0
331508,1,0,0,0,0,0,0,0
331559,0,0,0,0,0,0,0,0
331618,0,0,0,0,0,0,0,0
331597,1,0,1,0,0,0,0,0
331602,0,0,0,0,0,0,0,0
331608,0,0,0,0,0,0,0,0
331599,1,1,1,1,0,0,0,0
331523,0,0,0,0,0,0,0,0
331601,0,0,0,0,0,0,0,0
331561,0,0,0,0,0,0,0,0
331578,0,0,0,0,0,0,0,0
331507,0,0,0,0,0,0,0,0
331605,1,0,1,0,0,0,0,0
331587,0,0,0,0,0,0,0,0
331583,0,0,0,0,0,0,0,0
331473,0,0,0,0,0,0,0,0
331591,0,0,0,0,0,0,0,0
331569,1,0,1,0,0,0,0,0
331495,0,0,0,0,0,0,0,0
331505,0,0,0,0,0,0,0,0
331582,0,0,0,0,0,0,0,0
331568,0,0,0,0,0,0,0,0
331573,0,0,0,0,0,0,0,0
331596,0,0,0,0,0,0,0,0
331611,1,0,1,0,0,0,0,0
331493,0,0,0,0,0,0,0,0
331519,0,0,0,0,0,0,0,0
331472,0,0,0,0,0,0,0,0
331526,0,0,0,0,0,0,0,0
331499,1,1,1,1,0,0,0,0
331524,0,0,0,0,0,0,0,0
331476,0,0,0,0,0,0,0,0
331581,0,0,0,0,0,0,0,0
331570,1,0,4,0,0,0,0,0
331520,0,0,0,0,0,0,0,0
331603,1,0,1,0,0,0,0,0
331619,0,0,0,0,0,0,0,1
331592,1,0,1,0,0,0,0,0
331584,0,0,0,0,0,0,0,0
331517,0,0,0,0,0,0,0,0
331497,1,1,1,1,0,0,0,0
331417,0,0,0,0,0,0,0,0
331633,0,0,0,0,0,0,0,1
331525,1,1,1,1,0,0,0,0
331552,1,1,1,1,0,0,0,0
331598,1,0,1,0,0,0,0,0
331626,0,0,0,0,0,0,0,1
331547,1,0,1,0,0,0,0,0
331613,0,0,0,0,0,0,0,0
331594,0,0,0,0,0,0,0,0
331586,1,0,0,0,0,0,0,0
331474,1,0,1,0,0,0,0,0
331399,1,0,1,0,0,0,0,0
331604,1,0,1,0,0,0,0,0
331567,0,0,0,0,0,0,0,0
331528,0,0,0,0,0,0,0,0
331494,0,0,0,0,0,0,0,0
331515,1,0,1,0,0,0,0,0
331558,0,0,0,0,0,0,0,0
331491,1,0,1,0,0,0,0,0
331614,0,0,0,0,0,0,0,0
331482,1,0,1,0,0,0,0,0
331621,0,0,0,0,0,0,0,0
331485,0,0,0,0,0,0,0,0
331532,0,0,0,0,0,0,0,0
331579,0,0,0,0,0,0,0,0
331648,0,0,0,0,0,0,0,1
331656,0,0,0,0,0,0,0,1
331636,0,0,0,0,0,0,0,1
331488,0,0,0,0,0,0,0,0
331635,0,0,0,0,0,0,0,1
331669,0,0,0,0,0,0,0,1
331625,0,0,0,0,0,0,0,0
331620,0,0,0,0,0,0,0,0
331487,0,0,0,0,0,0,0,0
331637,0,0,0,0,0,0,0,1
331623,0,0,0,0,0,0,0,0
331649,0,0,0,0,0,0,0,1
331654,1,0,0,0,0,0,0,0
331522,1,0,1,0,0,0,0,0
331624,1,0,1,0,0,0,0,0
331672,0,0,0,0,0,0,0,1
331486,0,0,0,0,0,0,0,0
331658,0,0,0,0,0,0,0,1
331628,0,0,0,0,0,0,0,0
331593,1,0,1,0,0,0,0,0
331606,1,0,1,0,0,0,0,0
331484,0,0,0,0,0,0,0,0
331659,0,0,0,0,0,0,0,1
331483,0,0,0,0,0,0,0,0
331574,1,0,1,0,0,0,0,0
331489,0,0,0,0,0,0,0,0
331609,1,0,1,0,0,0,0,0
331622,0,0,0,0,0,0,0,0
331663,1,0,1,0,0,0,0,0
331675,1,0,1,0,0,0,0,0
331612,0,0,0,0,0,0,0,0
331645,0,0,0,0,0,0,0,0
331451,0,0,0,0,0,0,0,0
331496,1,0,1,0,0,0,0,0
331666,0,0,0,0,0,0,0,0
331642,1,0,1,0,0,0,0,0
331653,0,0,0,0,0,0,0,0
331634,0,0,0,0,0,0,0,0
331671,1,0,1,0,0,0,0,0
331661,1,0,1,0,0,0,0,0
331400,1,0,1,0,0,0,0,0
331643,0,0,0,0,0,0,0,0
331629,1,1,1,1,0,0,0,0
331651,1,1,1,1,0,0,0,0
331632,0,0,0,0,0,0,0,0
331641,0,0,0,0,0,0,0,0
331662,1,1,1,1,0,0,0,0
331660,1,1,1,1,0,0,0,0
331673,0,0,0,0,0,0,0,0
331665,0,0,0,0,0,0,0,0
331644,0,0,0,0,0,0,0,0
331650,0,0,0,0,0,0,0,0
331655,0,0,0,0,0,0,0,0
331670,0,0,0,0,0,0,0,0
331490,0,0,0,0,0,0,0,0
331668,0,0,0,0,0,0,0,0
331631,0,0,0,0,0,0,0,0
331639,0,0,0,0,0,0,0,0
331705,0,0,0,0,0,0,0,1
331726,0,0,0,0,0,0,0,1
331677,0,0,0,0,0,0,0,1
331716,0,0,0,0,0,0,0,1
331717,0,0,0,0,0,0,0,1
331652,0,0,0,0,0,0,0,0
331708,0,0,0,0,0,0,0,1
331647,1,0,1,0,0,0,0,0
331657,0,0,0,0,0,0,0,0
331723,0,0,0,0,0,0,0,1
331640,0,0,0,0,0,0,0,0
331727,0,0,0,0,0,0,0,1
331630,1,0,1,0,0,0,0,0
331676,0,0,0,0,0,0,0,1
331627,1,1,1,1,0,0,0,0
331724,1,0,1,0,0,0,0,0
331418,1,0,1,0,0,0,0,0
331679,1,0,1,0,0,0,0,0
331720,1,0,1,0,0,0,0,0
331664,1,0,1,0,0,0,0,0
331719,0,0,0,0,0,0,0,0
331707,0,0,0,0,0,0,0,0
331683,0,0,0,0,0,0,0,0
331706,0,0,0,0,0,0,0,0
331696,1,0,1,0,0,0,0,0
331686,0,0,0,0,0,0,0,0
331704,0,0,0,0,0,0,0,0
331697,0,0,0,0,0,0,0,0
331709,0,0,0,0,0,0,0,0
331689,0,0,0,0,0,0,0,0
331700,0,0,0,0,0,0,0,0
331684,0,0,0,0,0,0,0,0
331714,0,0,0,0,0,0,0,0
331722,1,0,1,0,0,0,0,0
331695,1,0,3,0,0,0,0,0
331713,1,0,1,0,0,0,0,0
331694,0,0,0,0,0,0,0,0
331667,0,0,0,0,0,0,0,0
331702,0,0,0,0,0,0,0,0
331646,0,0,0,0,0,0,0,0
331680,0,0,0,0,0,0,0,0
331701,1,0,1,0,0,0,0,0
331691,0,0,0,0,0,0,0,0
331736,0,0,0,0,0,0,0,0
331699,0,0,0,0,0,0,0,0
331703,0,0,0,0,0,0,0,0
331687,0,0,0,0,0,0,0,0
331729,0,0,0,0,0,0,0,0
331733,0,0,0,0,0,0,0,0
331725,1,0,1,0,0,0,0,0
331730,0,0,0,0,0,0,0,0
331728,1,1,1,1,0,0,0,0
331712,1,0,1,0,0,0,0,0
331742,0,0,0,0,0,0,0,0
331732,0,0,0,0,0,0,0,0
331711,0,0,0,0,0,0,0,0
331682,0,0,0,0,0,0,0,0
331715,0,0,0,0,0,0,0,0
331698,1,0,1,0,0,0,0,0
331692,1,1,1,1,0,0,0,0
331741,1,0,1,0,0,0,0,0
331690,1,0,1,0,0,0,0,0
331638,1,1,1,1,1,1,0,0
331678,0,0,0,0,0,0,0,0
331718,1,1,1,1,0,0,0,0
331681,1,0,1,0,0,0,0,0
331739,1,0,1,0,0,0,0,0
331737,0,0,0,0,0,0,0,0
331740,1,0,1,0,0,0,0,0
331685,0,0,0,0,0,0,0,0
331721,0,0,0,0,0,0,0,0
331731,1,0,0,0,0,0,0,0
331693,0,0,0,0,0,0,0,0
331734,0,0,0,0,0,0,0,0
331710,0,0,0,0,0,0,0,0
331738,0,0,0,0,0,0,0,0
331743,0,0,0,0,0,0,0,1
331735,0,0,0,0,0,0,0,0
331610,1,0,1,0,0,0,0,0
331688,1,0,1,0,0,0,0,0
331674,1,0,78,0,0,0,0,0
331401,1,0,1,0,0,0,0,0
366973,0,0,0,0,0,0,0,1
366941,0,0,0,0,0,0,0,1
366958,0,0,0,0,0,0,0,1
366957,0,0,0,0,0,0,0,1
366962,0,0,0,0,0,0,0,1
366904,0,0,0,0,0,0,0,1
366935,1,1,1,1,0,0,0,0
366928,1,0,1,0,0,0,0,0
366929,0,0,0,0,0,0,0,0
366994,0,0,0,0,0,0,0,0
366899,0,0,0,0,0,0,0,0
366999,0,0,0,0,0,0,0,1
366988,0,0,0,0,0,0,0,0
366954,1,0,1,0,0,0,0,0
367035,0,0,0,0,0,0,0,1
366942,1,0,1,0,0,0,0,0
366961,0,0,0,0,0,0,0,0
367032,0,0,0,0,0,0,0,1
366993,1,0,0,0,0,0,0,0
366967,0,0,0,0,0,0,0,0
366985,1,0,2,0,0,0,0,0
366926,1,0,1,0,0,0,0,0
366938,1,1,1,1,0,0,0,0
366959,1,0,1,0,0,0,0,0
366924,1,1,4,1,0,0,0,0
366923,0,0,0,0,0,0,0,0
366956,0,0,0,0,0,0,0,0
366983,0,0,0,0,0,0,0,0
366982,1,0,0,0,0,0,0,0
366898,0,0,0,0,0,0,0,0
366952,0,0,0,0,0,0,0,0
367033,1,0,1,0,0,0,0,0
367043,0,0,0,0,0,0,0,1
366970,1,1,68,60,0,0,0,0
366971,1,0,0,0,0,0,0,0
366978,0,0,0,0,0,0,0,0
366925,1,1,189,2,0,0,0,0
366972,1,1,1,1,0,0,0,0
367061,0,0,0,0,0,0,0,1
366939,1,0,0,0,0,0,0,0
367026,1,0,1,0,0,0,0,0
367010,1,1,28,25,0,0,0,0
367034,1,0,6,0,0,0,0,0
367000,1,0,1,0,0,0,0,0
366968,1,0,0,0,0,0,0,0
366953,1,1,1,1,0,0,0,0
366917,1,0,0,0,0,0,0,0
366931,0,0,0,0,0,0,0,0
366976,1,1,2,1,0,0,0,0
366947,1,1,1,1,0,0,0,0
366921,0,0,0,0,0,0,0,0
367052,0,0,0,0,0,0,0,0
366981,0,0,0,0,0,0,0,0
366915,0,0,0,0,0,0,0,0
367009,1,0,0,0,0,0,0,0
366919,1,0,1,0,0,0,0,0
367011,1,1,64,34,0,0,0,0
367039,1,1,1,1,0,0,0,0
366963,1,0,1,0,0,0,0,0
366914,0,0,0,0,0,0,0,0
366975,1,1,57,32,0,0,0,0
367001,1,0,0,0,0,0,0,0
366920,1,0,0,0,0,0,0,0
367004,1,1,20,19,0,0,0,0
367040,1,0,1,0,0,0,0,0
367028,1,1,32,27,0,0,0,0
367063,1,0,86,0,0,0,0,0
367012,0,0,0,0,0,0,0,0
367013,1,0,0,0,0,0,0,0
366912,0,0,0,0,0,0,0,0
367006,1,0,1,0,0,0,0,0
367048,0,0,0,0,0,0,0,0
367021,1,1,42,34,0,0,0,0
367036,1,1,1,1,0,0,0,0
367044,1,0,1,0,0,0,0,0
367024,0,0,0,0,0,0,0,0
366951,1,0,1,0,0,0,0,0
366966,1,0,1,0,0,0,0,0
366969,1,1,2,1,0,0,0,0
366911,1,0,0,0,0,0,0,0
367014,1,1,1,1,0,0,0,0
366995,0,0,0,0,0,0,0,0
367073,0,0,0,0,0,0,0,1
367050,1,1,36,1,0,0,0,0
367082,0,0,0,0,0,0,0,1
367029,1,1,1,1,0,0,0,0
366997,1,1,1,1,0,0,0,0
366908,1,1,1,1,0,0,0,0
366989,1,0,1,0,0,0,0,0
366977,1,0,2,0,0,0,0,0
367054,1,0,1,0,0,0,0,0
366913,1,0,1,0,0,0,0,0
367071,1,0,1,0,0,0,0,0
367015,0,0,0,0,0,0,0,0
366980,1,0,5,0,0,0,0,0
367089,0,0,0,0,0,0,0,1
366991,1,0,1,0,0,0,0,0
367072,1,1,1,1,0,0,0,0
367022,1,0,1,0,0,0,0,0
367016,1,0,1,0,0,0,0,0
366903,1,1,42,8,0,0,0,0
367070,1,0,0,0,0,0,0,0
367051,1,0,1,0,0,0,0,0
367002,1,1,3,1,0,0,0,0
366990,1,0,0,0,0,0,0,0
366946,1,0,4,0,0,0,0,0
366965,1,1,2,2,0,0,0,0
367077,0,0,0,0,0,0,0,0
366905,1,0,1,0,0,0,0,0
366927,1,0,1,0,0,0,0,0
367031,1,0,1,0,0,0,0,0
367093,0,0,0,0,0,0,0,1
367047,0,0,0,0,0,0,0,0
366936,1,0,0,0,0,0,0,0
367092,0,0,0,0,0,0,0,1
366948,1,0,1,0,0,0,0,0
367078,1,0,1,0,0,0,0,0
367087,0,0,0,0,0,0,0,0
367059,1,1,3,1,0,0,0,0
367080,1,0,1,0,0,0,0,0
367086,1,0,1,0,0,0,0,0
366900,1,1,1,1,0,0,0,0
367045,1,0,1,0,0,0,0,0
367075,1,0,1,0,0,0,0,0
367094,1,0,0,0,0,0,0,0
366932,1,1,7,3,0,0,0,0
366960,1,0,1,0,0,0,0,0
366930,1,0,2,0,0,0,0,0
366974,1,0,1,0,0,0,0,0
367091,1,0,1,0,0,0,0,0
366918,1,0,2,0,0,0,0,0
367098,1,1,11,1,0,0,0,0
367100,1,1,22,12,0,0,0,0
367007,1,0,1,0,0,0,0,0
367084,1,0,1,0,0,0,0,0
367005,1,0,1,0,0,0,0,0
367008,1,0,1,0,0,0,0,0
367046,1,0,1,0,0,1,0,0
367041,1,1,1,1,0,0,0,0
367083,1,1,1,1,0,0,0,0
366906,1,1,1,1,0,0,0,0
367067,1,0,1,0,0,0,0,0
367120,0,0,0,0,0,0,0,1
367112,0,0,0,0,0,0,0,1
366955,1,0,1,0,0,1,0,0
366909,1,1,5,4,0,0,0,0
367104,1,1,1,1,0,0,0,0
367106,1,0,2,0,0,0,0,0
366987,1,1,1,1,0,0,0,0
367108,1,0,1,0,0,0,0,0
367097,1,0,1,0,0,0,0,0
366992,1,0,1,0,0,0,0,0
367088,1,0,1,0,0,0,0,0
367127,1,1,1,1,0,0,0,0
366984,1,0,1,0,0,0,0,0
367105,1,0,1,0,0,0,0,0
367110,0,0,0,0,0,0,0,0
367095,1,0,1,0,0,0,0,0
367053,1,1,1,1,0,0,0,0
367148,0,0,0,0,0,0,0,1
367103,1,0,1,0,0,0,0,0
367111,1,0,1,0,0,0,0,0
367107,1,0,0,0,0,0,0,0
367140,0,0,0,0,0,0,0,1
367151,0,0,0,0,0,0,0,1
367122,1,0,1,0,0,0,0,0
367125,1,0,0,0,0,0,0,0
367149,1,0,1,0,0,0,0,0
367057,1,0,1,0,0,0,0,0
367134,0,0,0,0,0,0,0,0
367152,0,0,0,0,0,0,0,1
367068,1,0,1,0,0,0,0,0
366934,1,0,0,0,0,0,0,0
367126,1,0,1,0,1,1,0,0
367020,1,1,1,1,0,0,0,0
367101,1,1,1,1,0,0,0,0
367142,1,0,0,0,0,0,0,0
367133,1,1,1,1,0,0,0,0
367138,1,1,24,3,0,0,0,0
367179,0,0,0,0,0,0,0,1
367176,0,0,0,0,0,0,0,1
367173,0,0,0,0,0,0,0,1
367139,1,1,43,8,0,0,0,0
367161,1,1,5,1,0,0,0,0
367143,1,1,1,1,0,0,0,0
367153,1,0,0,0,0,0,0,0
367169,0,0,0,0,0,0,0,1
367171,0,0,0,0,0,0,0,1
367056,1,1,4,2,0,0,0,0
367163,0,0,0,0,0,0,0,1
367170,0,0,0,0,0,0,0,1
367166,1,0,1,0,0,0,0,0
367121,1,0,1,0,0,0,0,0
367123,1,0,1,0,0,0,0,0
367066,0,0,0,0,0,0,0,0
367159,1,0,0,0,0,0,0,0
367081,1,1,29,1,0,0,0,0
367049,1,0,1,0,0,0,0,0
367155,1,0,0,0,0,0,0,0
367181,0,0,0,0,0,0,0,0
367162,1,1,14,8,0,0,0,0
367144,0,0,0,0,0,0,0,0
367167,1,0,0,0,0,0,0,0
366945,1,0,1,0,0,0,0,0
367182,1,0,1,0,0,0,0,0
367206,0,0,0,0,0,0,0,1
367197,0,0,0,0,0,0,0,1
366916,1,1,1,1,0,0,0,0
367158,1,1,1,1,0,0,0,0
367164,1,0,1,0,0,0,0,0
367132,1,0,2,0,0,0,0,0
367184,1,0,0,0,0,0,0,0
366996,1,0,1,0,0,0,0,0
367188,1,0,1,0,0,0,0,0
367017,1,0,4,0,0,0,0,0
367124,1,1,1,1,1,1,0,0
367201,0,0,0,0,0,0,0,0
367220,0,0,0,0,0,0,0,1
367109,0,0,0,0,0,0,0,0
367090,1,0,1,0,0,0,0,0
367217,0,0,0,0,0,0,0,1
367207,1,0,1,0,0,0,0,0
367165,1,1,2,1,0,0,0,0
367213,1,0,1,0,0,0,0,0
367183,1,0,1,0,0,0,0,0
367118,0,0,0,0,0,0,0,0
367117,1,0,1,0,0,0,0,0
367187,0,0,0,0,0,0,0,0
367227,0,0,0,0,0,0,0,1
367145,1,1,8,5,0,0,0,0
367200,1,1,22,1,0,0,0,0
366949,1,1,3,1,0,0,0,0
367119,1,1,2,1,0,0,0,0
367129,1,0,1,0,0,0,0,0
367193,0,0,0,0,0,0,0,0
367223,0,0,0,0,0,0,0,0
367229,0,0,0,0,0,0,0,0
367233,1,1,36,1,0,0,0,0
367192,1,0,1,0,0,0,0,0
367228,1,0,2,0,0,0,0,0
367189,1,0,1,0,0,0,0,0
367243,0,0,0,0,0,0,0,1
367180,1,1,1,1,0,0,0,0
367242,0,0,0,0,0,0,0,1
367237,1,0,0,0,0,0,0,0
367244,1,0,1,0,0,0,0,0
367230,1,0,0,0,0,0,0,0
367191,1,1,1,1,0,0,0,0
367198,1,0,1,0,0,0,0,0
367023,1,0,2,0,0,0,0,0
367174,1,0,1,0,0,0,0,0
367250,0,0,0,0,0,0,0,0
367216,1,1,1,1,0,0,0,0
367203,1,1,4,1,0,0,0,0
367231,1,0,4,0,0,0,0,0
367246,1,1,1,1,0,0,0,0
367202,1,0,2,0,0,0,0,0
367185,1,0,1,0,0,0,0,0
367239,1,0,0,0,0,0,0,0
367259,0,0,0,0,0,0,0,1
367099,1,1,1,1,1,0,0,0
367196,1,0,4,0,0,0,0,0
367096,1,0,1,0,0,0,0,0
366950,1,1,1,1,0,0,0,0
367253,1,1,1,1,0,0,0,0
367241,1,0,0,0,0,0,0,0
367069,1,0,3,0,0,0,0,0
367003,1,1,4,1,0,0,0,0
367272,0,0,0,0,0,0,0,1
367254,1,0,1,0,0,0,0,0
367027,1,1,32,1,0,0,0,0
367268,0,0,0,0,0,0,0,1
367252,1,0,0,0,0,0,0,0
367275,0,0,0,0,0,0,0,1
367232,1,0,1,0,0,0,0,0
367113,0,0,0,0,0,0,0,0
367255,0,0,0,0,0,0,0,0
367245,1,1,1,1,0,0,0,0
367238,1,0,1,0,0,0,0,0
367062,1,1,8,3,0,0,0,0
367262,1,1,14,13,0,0,0,0
367257,1,1,70,1,0,0,0,0
367235,1,0,1,0,0,0,0,0
367205,0,0,0,0,0,0,0,0
367204,1,0,1,0,0,0,0,0
367208,1,1,1,1,0,0,0,0
367264,1,0,1,0,0,0,0,0
367190,1,0,1,0,0,0,0,0
367221,0,0,0,0,0,0,0,0
366907,1,1,1,1,0,0,0,0
367038,1,0,1,0,0,0,0,0
366986,1,1,1,1,0,0,0,0
367226,1,1,1,1,0,0,0,0
367271,1,0,1,0,0,0,0,0
367147,1,0,2,0,0,0,0,0
367265,0,0,0,0,0,0,0,0
367019,1,0,3,0,0,0,0,0
367172,1,1,265,80,0,0,0,0
367267,1,0,0,0,0,0,0,0
367256,1,1,1,1,0,0,0,0
367263,1,0,0,0,0,0,0,0
367219,1,0,5,0,0,0,0,0
367260,1,0,0,0,0,0,0,0
366922,1,0,79,0,0,0,0,0
366998,1,0,1,0,0,0,0,0
366902,1,0,1,0,0,0,0,0
367249,1,1,2,1,0,0,0,0
367025,1,1,2,1,1,0,0,0
367224,1,0,1,0,0,0,0,0
367065,1,0,2,0,0,1,0,0
367273,1,1,1,1,0,0,0,0
366901,1,1,18,1,0,0,0,0
367175,1,0,1,0,0,0,0,0
367274,1,0,2,0,0,0,0,0
367214,1,1,2,1,1,1,0,0
367115,1,1,7,4,1,1,0,0
367248,0,0,0,0,0,0,0,0
367146,1,1,1,1,0,0,0,0
367131,1,1,1,1,0,0,0,0
367186,1,1,2,2,0,0,0,0
367270,1,0,1,0,0,0,0,0
367269,1,0,0,0,0,0,0,0
367136,1,1,1,1,0,0,0,0
367116,1,1,1,1,0,0,0,0
367168,1,1,16,14,0,0,0,0
367234,1,1,2,1,0,0,0,0
367141,1,0,0,0,0,0,0,0
367154,1,0,1,0,0,0,0,0
367212,1,0,1,0,0,0,0,0
367236,1,1,4,1,0,0,0,0
367074,1,1,1,1,0,0,0,0
367266,1,0,1,0,0,0,0,0
367060,1,1,24,9,0,0,0,0
367258,1,0,1,0,0,0,0,0
367058,1,0,2,0,0,0,0,0
367211,1,0,3,0,0,1,0,0
366937,1,0,2,0,0,0,0,0
367195,1,0,0,0,0,0,0,0
366964,1,0,2,0,0,0,0,0
367079,1,1,4,4,0,0,0,0
367210,1,0,1,0,0,0,0,0
367114,1,1,2,1,0,0,0,0
367178,1,1,4,2,0,0,0,0
367209,1,0,1,0,0,0,0,0
367247,1,1,19,4,0,0,0,0
367240,1,0,1,0,0,0,0,0
367150,1,1,10,8,0,0,0,0
367261,1,1,2,1,1,1,0,0
367076,1,0,50,0,0,0,0,0
367137,1,0,1,0,0,0,0,0
366979,1,1,19,1,1,0,0,0
366944,1,1,3,1,0,0,0,0
367135,1,1,6,2,0,0,0,0
367102,1,1,2,1,0,0,0,0
366910,1,0,22,0,0,1,0,0
366933,1,1,1,1,0,0,0,0
367177,1,1,19,3,0,0,0,0
367251,1,1,14,4,1,1,0,0
367037,1,1,20,4,1,1,0,0
367018,1,1,5,1,0,0,0,0
367064,1,1,31,12,0,0,0,0
367130,1,1,49,31,0,0,0,0
367128,1,1,1,1,0,0,0,0
367215,1,0,1,0,0,0,0,0
367160,1,1,8,5,0,0,0,0
367042,1,1,2,2,0,0,0,0
367157,1,0,6,0,0,0,0,0
367222,1,0,48,0,0,0,0,0
367085,1,1,4,3,0,0,0,0
367055,1,0,6,0,0,0,0,0
367194,1,0,2,0,0,0,0,0
367218,1,0,1,0,0,0,0,0
368790,1,0,1,0,0,0,0,0
368791,1,0,0,0,0,0,0,0
368788,1,0,5,0,0,0,0,0
368789,1,0,0,0,0,0,0,0
368796,1,0,1,0,0,0,0,0
368793,1,0,1,0,0,0,0,0
368795,0,0,0,0,0,0,0,1
368797,0,0,0,0,0,0,0,0
368794,1,0,4,0,0,0,0,0
368799,1,0,1,0,0,0,0,0
368798,1,0,0,0,0,0,0,0
368800,1,0,2,0,0,0,0,0
368803,0,0,0,0,0,0,0,1
368805,1,1,1,1,0,0,0,0
368802,1,0,1,0,0,0,0,0
368806,1,0,1,0,0,0,0,0
368808,0,0,0,0,0,0,0,0
368807,1,0,1,0,0,0,0,0
368804,1,0,1,0,0,0,0,0
368809,1,0,1,0,0,0,0,0
368813,1,0,1,0,0,0,0,0
368810,1,0,1,0,0,0,0,0
368812,1,0,1,0,0,0,0,0
368801,1,0,1,0,0,0,0,0
368815,1,0,1,0,0,0,0,0
368817,1,0,2,0,0,0,0,0
368818,1,0,1,0,0,0,0,0
367030,1,1,77,11,0,0,0,0
368811,1,0,1,0,0,0,0,0
368820,0,0,0,0,0,0,0,1
368816,1,1,1,1,0,0,0,0
368814,1,0,2,0,0,0,0,0
368821,1,0,1,0,0,0,0,0
368822,1,0,1,0,0,0,0,0
368826,1,1,1,1,0,0,0,0
368825,1,0,1,0,0,0,0,0
368824,1,1,3,1,0,0,0,0
368792,1,1,4,1,0,0,0,0
368823,1,0,4,0,0,0,0,0
368828,1,0,1,0,0,0,0,0
368829,0,0,0,0,0,0,0,0
368834,0,0,0,0,0,0,0,1
368832,1,1,1,1,0,0,0,0
368833,1,0,1,0,0,0,0,0
368830,1,0,1,0,0,0,0,0
368836,1,0,0,0,0,0,0,0
368819,1,0,1,0,0,0,0,0
368831,1,1,1,1,1,0,0,0
368837,1,0,1,0,0,0,0,0
368840,1,1,1,1,0,0,0,0
368838,0,0,0,0,0,0,0,0
368842,1,0,1,0,0,0,0,0
368844,1,0,1,0,0,0,0,0
368839,1,0,1,0,0,0,0,0
368843,1,0,1,0,0,0,0,0
368845,1,0,1,0,0,0,0,0
368847,1,0,1,0,0,0,0,0
368846,1,0,1,0,0,0,0,0
368848,1,0,1,0,0,1,0,0
368827,1,0,1,0,0,0,0,0
368849,1,0,1,0,0,0,0,0
368850,1,0,1,0,0,0,0,0
368851,1,0,1,0,0,0,0,0
368841,1,0,1,0,0,0,0,0
368855,0,0,0,0,0,0,0,1
368854,0,0,0,0,0,0,0,0
368853,0,0,0,0,0,0,0,0
368857,1,0,1,0,0,0,0,0
368852,1,1,3,1,0,0,0,0
368861,0,0,0,0,0,0,0,1
368859,1,0,1,0,0,0,0,0
368863,0,0,0,0,0,0,0,1
368860,1,1,2,1,0,0,0,0
368864,1,0,1,0,0,0,0,0
368865,1,1,46,45,0,0,0,0
368869,1,0,2,0,0,0,0,0
368862,1,0,2,0,0,0,0,0
368866,1,0,1,0,0,0,0,0
368867,1,0,1,0,0,0,0,0
368871,1,0,1,0,0,0,0,0
368872,0,0,0,0,0,0,0,0
368873,1,0,1,0,0,0,0,0
368874,1,0,1,0,0,0,0,0
368875,1,0,1,0,0,0,0,0
368858,1,0,2,0,0,0,0,0
368878,1,0,1,0,0,0,0,0
368881,1,1,1,1,0,0,0,0
368879,1,1,1,1,0,0,0,0
368877,0,0,0,0,0,0,0,0
368886,0,0,0,0,0,0,0,1
368880,1,1,4,1,0,0,0,0
368883,0,0,0,0,0,0,0,0
368885,1,0,1,0,0,0,0,0
368888,1,0,1,0,0,0,0,0
368887,1,0,2,0,0,0,0,0
368870,1,1,19,15,0,0,0,0
368876,1,1,12,1,0,0,0,0
368890,1,1,1,1,0,0,0,0
368894,0,0,0,0,0,0,0,1
368889,1,0,1,0,0,0,0,0
368895,0,0,0,0,0,0,0,0
368899,0,0,0,0,0,0,0,0
368892,1,0,0,0,0,0,0,0
368901,0,0,0,0,0,0,0,1
368902,1,0,0,0,0,0,0,0
368897,1,1,1,1,0,0,0,0
368898,1,0,1,0,0,0,0,0
368884,1,1,7,3,0,0,0,0
368904,1,0,1,0,0,0,0,0
368835,1,1,4,1,0,0,0,0
368905,1,0,0,0,0,0,0,0
368908,1,0,1,0,0,0,0,0
368893,1,0,1,0,0,0,0,0
368906,1,0,1,0,0,0,0,0
368911,1,0,0,0,0,0,0,0
368910,1,0,1,0,0,0,0,0
368900,1,1,2,1,0,1,0,0
368913,1,0,1,0,0,0,0,0
368914,0,0,0,0,0,0,0,0
368907,1,0,1,0,0,1,0,0
368912,1,0,1,0,0,0,0,0
368915,1,0,5,0,0,0,0,0
368896,1,1,1,1,0,1,0,0
368909,1,0,1,0,0,0,0,0
368928,0,0,0,0,0,0,0,1
368916,1,0,1,0,0,0,0,0
368924,0,0,0,0,0,0,0,1
368931,1,0,1,0,0,0,0,0
368891,1,0,1,0,0,1,0,0
368920,1,0,1,0,0,0,0,0
368926,1,0,1,0,0,0,0,0
368932,0,0,0,0,0,0,0,0
368922,1,0,1,0,0,0,0,0
368934,0,0,0,0,0,0,0,1
368923,1,0,0,0,0,0,0,0
368936,0,0,0,0,0,0,0,1
368930,1,1,1,1,0,0,0,0
368943,1,0,0,0,0,0,0,0
368942,1,1,1,1,0,0,0,0
368939,0,0,0,0,0,0,0,0
368935,1,0,1,0,0,0,0,0
368937,1,0,0,0,0,0,0,0
368946,0,0,0,0,0,0,0,1
368947,0,0,0,0,0,0,0,1
368938,1,0,1,0,0,0,0,0
368933,1,1,1,1,1,0,0,0
368945,0,0,0,0,0,0,0,0
368949,1,1,1,1,0,0,0,0
368919,1,1,1,1,0,0,0,0
368957,0,0,0,0,0,0,0,1
368941,1,0,1,0,0,0,0,0
368959,0,0,0,0,0,0,0,0
368953,1,0,1,0,0,0,0,0
368956,1,1,10,3,0,0,0,0
368929,1,0,4,0,0,0,0,0
368944,1,1,2,1,0,0,0,0
368960,0,0,0,0,0,0,0,1
368950,1,1,1,1,1,0,0,0
368954,0,0,0,0,0,0,0,0
368958,1,1,6,1,0,0,0,0
368955,1,0,1,0,0,0,0,0
368961,0,0,0,0,0,0,0,0
368962,1,0,1,0,0,0,0,0
368948,1,0,1,0,0,0,0,0
368963,0,0,0,0,0,0,0,0
368972,0,0,0,0,0,0,0,1
368927,1,1,1,1,0,0,0,0
368973,1,0,1,0,0,0,0,0
368979,0,0,0,0,0,0,0,0
368918,1,1,3,3,0,0,0,0
368966,1,0,6,0,0,0,0,0
368971,1,1,5,2,0,0,0,0
368965,1,0,1,0,0,0,0,0
368983,0,0,0,0,0,0,0,1
368975,1,0,0,0,0,0,0,0
368970,1,1,1,1,1,0,0,0
368977,1,1,1,1,0,0,0,0
368968,1,0,1,0,0,0,0,0
368952,1,1,1,1,0,0,0,0
368964,0,0,0,0,0,0,0,0
368989,1,0,1,0,0,0,0,0
368992,1,0,1,0,0,0,0,0
368980,1,1,1,1,0,0,0,0
368976,1,1,3,1,0,0,0,0
368990,1,0,1,0,0,0,0,0
368951,1,0,9,0,0,0,0,0
368978,1,0,2,0,0,0,0,0
369009,0,0,0,0,0,0,0,1
368921,1,0,1,0,0,1,0,0
369001,0,0,0,0,0,0,0,0
369007,0,0,0,0,0,0,0,0
369000,1,0,31,0,0,0,0,0
368991,1,0,1,0,0,0,0,0
368984,0,0,0,0,0,0,0,0
369008,0,0,0,0,0,0,0,0
368999,1,1,4,2,0,0,0,0
369010,1,1,2,1,0,0,0,0
369017,0,0,0,0,0,0,0,1
368995,1,0,1,0,0,0,0,0
368997,1,0,1,0,0,0,0,0
368974,1,1,1,1,0,0,0,0
369015,1,0,3,0,0,0,0,0
369018,1,0,1,0,0,0,0,0
369004,1,0,1,0,0,0,0,0
369011,1,0,1,0,0,0,0,0
368998,1,1,2,1,0,0,0,0
369012,1,0,1,0,0,0,0,0
369013,1,0,0,0,0,0,0,0
369002,1,1,1,1,0,0,0,0
369016,0,0,0,0,0,0,0,0
369028,0,0,0,0,0,0,0,1
369021,0,0,0,0,0,0,0,0
369019,0,0,0,0,0,0,0,0
369024,1,0,1,0,0,0,0,0
369033,0,0,0,0,0,0,0,1
369029,0,0,0,0,0,0,0,1
369036,0,0,0,0,0,0,0,1
369032,1,0,1,0,0,0,0,0
369048,0,0,0,0,0,0,0,1
369003,1,0,1,0,0,0,0,0
368994,1,1,1,1,0,1,0,0
369034,1,0,1,0,0,0,0,0
368988,1,0,1,0,0,0,0,0
368987,1,0,1,0,0,0,0,0
369040,0,0,0,0,0,0,0,0
368993,1,0,1,0,0,0,0,0
369030,1,1,53,5,0,0,0,0
368996,1,0,1,0,0,0,0,0
369041,1,1,22,3,0,0,0,0
369005,1,0,4,0,0,0,0,0
369054,0,0,0,0,0,0,0,1
369035,1,0,1,0,0,0,0,0
369020,1,0,1,0,0,0,0,0
369031,1,1,1,1,0,0,0,0
369006,1,0,3,0,0,0,0,0
369042,1,0,0,0,0,0,0,0
369049,0,0,0,0,0,0,0,0
368985,1,0,1,0,0,0,0,0
369050,1,0,1,0,0,0,0,0
369053,1,1,1,1,0,0,0,0
369025,1,0,2,0,0,0,0,0
369027,1,0,1,0,0,0,0,0
368940,1,0,1,0,0,0,0,0
368967,1,1,2,1,0,0,0,0
369045,1,1,1,1,0,0,0,0
369039,1,1,5,3,0,1,0,0
369022,1,0,1,0,0,0,0,0
369051,1,0,1,0,0,0,0,0
368856,1,0,4,0,0,1,0,0
369066,0,0,0,0,0,0,0,1
369069,0,0,0,0,0,0,0,1
369063,0,0,0,0,0,0,0,0
369061,1,1,1,1,0,0,0,0
369043,0,0,0,0,0,0,0,0
369065,1,0,57,0,0,0,0,0
369068,1,1,2,2,0,0,0,0
369076,0,0,0,0,0,0,0,1
369062,1,0,1,0,0,0,0,0
369074,1,1,6,5,0,0,0,0
369079,1,1,12,5,0,0,0,0
369073,1,0,5,0,0,0,0,0
369085,0,0,0,0,0,0,0,1
369064,1,0,1,0,0,0,0,0
369081,1,0,0,0,0,0,0,0
369083,1,0,1,0,0,0,0,0
369023,1,1,1,1,0,0,0,0
369096,0,0,0,0,0,0,0,1
369077,1,0,1,0,0,0,0,0
369080,1,0,1,0,0,0,0,0
369090,1,0,2,0,0,0,0,0
369072,1,0,1,0,0,0,0,0
369084,1,0,1,0,0,0,0,0
369082,1,1,1,1,0,0,0,0
369097,0,0,0,0,0,0,0,0
369100,1,0,1,0,0,0,0,0
369093,1,0,1,0,0,0,0,0
369098,0,0,0,0,0,0,0,0
369106,0,0,0,0,0,0,0,1
369099,1,0,1,0,0,0,0,0
369037,1,1,8,4,0,0,0,0
369088,1,0,2,0,0,0,0,0
369092,1,1,1,1,0,0,0,0
369047,1,1,5,5,0,0,0,0
369110,0,0,0,0,0,0,0,1
369102,1,0,1,0,0,0,0,0
369089,1,0,1,0,0,0,0,0
369026,1,1,3,2,0,0,0,0
369107,0,0,0,0,0,0,0,0
369108,0,0,0,0,0,0,0,0
369109,0,0,0,0,0,0,0,0
369105,1,0,1,0,0,0,0,0
368981,1,1,1,1,0,1,0,0
369111,1,0,1,0,0,0,0,0
369117,0,0,0,0,0,0,0,1
369078,1,0,1,0,0,0,0,0
369115,1,0,1,0,0,0,0,0
369112,1,0,0,0,0,0,0,0
369104,1,0,1,0,0,0,0,0
369114,0,0,0,0,0,0,0,0
369118,1,0,1,0,0,0,0,0
369120,0,0,0,0,0,0,0,0
369095,1,0,1,0,0,0,0,0
369122,1,0,2,0,0,0,0,0
369119,1,1,30,16,0,0,0,0
369127,0,0,0,0,0,0,0,0
369091,1,0,0,0,0,0,0,0
369123,1,0,1,0,0,0,0,0
369128,1,0,1,0,0,0,0,0
369052,1,1,6,6,0,0,0,0
369124,1,1,1,1,0,0,0,0
369044,1,1,1,1,0,0,0,0
369133,0,0,0,0,0,0,0,1
369126,1,0,1,0,0,0,0,0
369138,0,0,0,0,0,0,0,1
369134,1,0,1,0,0,0,0,0
369103,1,1,3,3,0,0,0,0
369121,0,0,0,0,0,0,0,0
369136,0,0,0,0,0,0,0,0
369071,1,0,1,0,0,0,0,0
368986,1,1,1,1,0,0,0,0
369139,0,0,0,0,0,0,0,0
369140,1,0,1,0,0,0,0,0
369135,1,1,1,1,0,0,0,0
369070,1,0,1,0,0,0,0,0
369132,1,0,1,0,0,0,0,0
369137,0,0,0,0,0,0,0,0
369113,1,1,6,3,0,0,0,0
369129,1,0,2,0,0,0,0,0
369014,1,0,1,0,0,1,0,0
368903,1,0,4,0,0,0,0,0
369116,1,0,4,0,0,0,0,0
369146,1,0,2,0,0,1,0,0
369141,0,0,0,0,0,0,0,0
369143,1,0,1,0,0,0,0,0
369147,1,0,1,0,0,0,0,0
369087,1,1,4,1,0,1,0,0
369149,1,0,1,0,0,0,0,0
369148,1,0,1,0,0,0,0,0
369067,1,1,1,1,0,0,0,0
369150,1,1,1,1,0,0,0,0
369142,1,0,1,0,0,0,0,0
369155,1,0,0,0,0,0,0,0
369151,1,0,1,0,0,0,0,0
369154,0,0,0,0,0,0,0,0
369153,1,0,1,0,0,0,0,0
368882,1,1,3,1,0,0,0,0
369152,1,0,1,0,0,0,0,0
369165,0,0,0,0,0,0,0,0
369145,1,1,2,1,0,0,0,0
369161,0,0,0,0,0,0,0,0
369163,1,0,1,0,0,0,0,0
369159,1,0,1,0,0,0,0,0
369094,1,1,1,1,0,0,0,0
369131,1,0,2,0,0,0,0,0
368982,1,0,1,0,0,0,0,0
369157,1,0,1,0,0,0,0,0
369160,1,0,1,0,0,0,0,0
369144,1,0,1,0,1,1,0,0
369158,1,0,1,0,0,0,0,0
369046,1,1,1,1,0,0,0,0
369156,1,0,1,0,0,0,0,0
368868,1,1,36,2,0,0,0,0
369164,1,1,3,2,0,0,0,0
369125,1,1,3,1,0,0,0,0
368917,1,1,3,2,0,0,0,0
366940,1,1,76,16,0,0,0,0
369075,1,0,6,0,0,0,0,0
369162,1,0,11,0,0,0,0,0
368969,1,0,3,0,0,0,0,0
369101,1,0,1,0,0,0,0,0
367156,1,1,75,12,0,0,0,0
366943,1,1,19,4,0,0,0,0
369130,1,1,49,1,0,1,0,0
369086,1,1,32,19,0,0,0,0
369604,0,0,0,0,0,0,0,1
369557,0,0,0,0,0,0,0,1
369677,0,0,0,0,0,0,0,1
369590,0,0,0,0,0,0,0,1
369709,0,0,0,0,0,0,0,1
369588,0,0,0,0,0,0,0,1
369701,0,0,0,0,0,0,0,1
369551,0,0,0,0,0,0,0,1
369691,0,0,0,0,0,0,0,1
369573,0,0,0,0,0,0,0,1
369681,0,0,0,0,0,0,0,1
369600,0,0,0,0,0,0,0,1
369587,0,0,0,0,0,0,0,1
369576,0,0,0,0,0,0,0,1
369593,0,0,0,0,0,0,0,1
369585,0,0,0,0,0,0,0,1
369592,0,0,0,0,0,0,0,1
369674,0,0,0,0,0,0,0,0
369707,1,0,1,0,0,0,0,0
369666,1,0,1,0,0,0,0,0
369619,1,0,1,0,0,0,0,0
369558,1,0,1,0,0,0,0,0
369673,1,0,1,0,0,0,0,0
369625,1,1,6,5,0,0,0,0
369562,0,0,0,0,0,0,0,0
369609,0,0,0,0,0,0,0,0
369705,1,0,1,0,0,0,0,0
369559,0,0,0,0,0,0,0,0
369578,1,0,92,0,0,0,0,0
369544,1,0,1,0,0,0,0,0
369667,1,1,2,1,0,0,0,0
369662,1,0,1,0,0,0,0,0
369581,1,0,1,0,0,0,0,0
369622,1,0,0,0,0,0,0,0
369561,1,0,1,0,0,0,0,0
369663,0,0,0,0,0,0,0,0
369664,0,0,0,0,0,0,0,0
369579,1,1,3,1,0,0,0,0
369555,1,0,1,0,0,0,0,0
369594,0,0,0,0,0,0,0,0
369583,1,1,3,3,0,0,0,0
369589,1,0,2,0,0,0,0,0
369575,0,0,0,0,0,0,0,0
369569,1,0,1,0,0,0,0,0
369690,0,0,0,0,0,0,0,0
369708,1,0,1,0,0,0,0,0
369684,1,0,1,0,0,0,0,0
369680,1,0,0,0,0,0,0,0
369560,1,1,1,1,0,0,0,0
369624,0,0,0,0,0,0,0,0
369626,0,0,0,0,0,0,0,0
369577,1,0,0,0,0,0,0,0
369723,0,0,0,0,0,0,0,1
369567,0,0,0,0,0,0,0,0
369706,1,0,1,0,0,0,0,0
369586,1,0,1,0,0,0,0,0
369582,0,0,0,0,0,0,0,0
369679,1,0,1,0,0,0,0,0
369676,0,0,0,0,0,0,0,0
369648,0,0,0,0,0,0,0,1
369605,1,0,1,0,0,0,0,0
369566,1,0,1,0,0,0,0,0
369635,0,0,0,0,0,0,0,0
369584,1,0,1,0,0,0,0,0
369603,1,0,1,0,0,0,0,0
369658,0,0,0,0,0,0,0,1
369731,0,0,0,0,0,0,0,1
369669,1,1,1,1,0,0,0,0
369726,1,1,25,22,0,0,0,0
369719,0,0,0,0,0,0,0,1
369687,1,0,1,0,0,0,0,0
369571,1,0,1,0,0,0,0,0
369712,0,0,0,0,0,0,0,1
369615,1,0,1,0,0,0,0,0
369629,1,0,1,0,0,0,0,0
369610,1,1,1,1,0,0,0,0
369621,1,0,1,0,0,0,0,0
369698,1,0,1,0,0,0,0,0
369564,1,0,1,0,0,0,0,0
369704,1,0,0,0,0,0,0,0
369736,0,0,0,0,0,0,0,0
369749,0,0,0,0,0,0,0,1
369735,0,0,0,0,0,0,0,0
369563,1,0,1,0,0,0,0,0
369693,1,0,1,0,0,0,0,0
369665,1,1,1,1,0,0,0,0
369633,1,0,2,0,0,0,0,0
369660,1,1,2,2,0,0,0,0
369574,1,0,1,0,0,0,0,0
369599,0,0,0,0,0,0,0,0
369632,0,0,0,0,0,0,0,0
369741,1,0,1,0,0,0,0,0
369668,1,0,1,0,0,0,0,0
369725,1,1,1,1,0,0,0,0
369720,0,0,0,0,0,0,0,0
369549,1,0,3,0,0,0,0,0
369721,1,0,1,0,0,0,0,0
369696,0,0,0,0,0,0,0,0
369779,0,0,0,0,0,0,0,1
369553,0,0,0,0,0,0,0,0
369702,1,1,1,1,0,0,0,0
369743,1,1,1,1,0,0,0,0
369613,1,0,1,0,0,0,0,0
369732,1,1,1,1,0,0,0,0
369730,1,1,5,1,0,0,0,0
369700,1,1,1,1,0,0,0,0
369552,1,0,1,0,0,0,0,0
369699,1,1,4,4,0,0,0,0
369703,0,0,0,0,0,0,0,0
369788,0,0,0,0,0,0,0,1
369722,1,1,1,1,0,0,0,0
369752,0,0,0,0,0,0,0,0
369568,1,0,2,0,0,0,0,0
369778,0,0,0,0,0,0,0,0
369580,1,0,1,0,0,0,0,0
369547,1,0,1,0,0,1,0,0
369774,1,0,1,0,0,0,0,0
369546,1,1,2,1,0,0,0,0
369773,1,0,1,0,0,0,0,0
369554,1,0,1,0,0,0,0,0
369614,1,1,1,1,0,0,0,0
369785,1,0,1,0,0,0,0,0
369769,0,0,0,0,0,0,0,0
369786,0,0,0,0,0,0,0,0
369768,0,0,0,0,0,0,0,0
369611,1,0,0,0,0,0,0,0
369766,1,0,1,0,0,1,0,0
369695,1,1,10,5,0,0,0,0
369764,0,0,0,0,0,0,0,0
369628,1,0,0,0,0,0,0,0
369787,0,0,0,0,0,0,0,0
369686,1,0,1,0,0,0,0,0
369607,0,0,0,0,0,0,0,0
369724,1,0,1,0,0,0,0,0
369617,1,0,1,0,0,0,0,0
369740,1,0,1,0,0,0,0,0
369697,1,1,6,4,0,0,0,0
369737,1,1,1,1,0,0,0,0
369616,1,1,1,1,0,0,0,0
369780,1,0,1,0,0,0,0,0
369727,1,1,1,1,0,0,0,0
369634,1,0,1,0,0,0,0,0
369794,0,0,0,0,0,0,0,0
369808,0,0,0,0,0,0,0,1
369797,0,0,0,0,0,0,0,1
369825,0,0,0,0,0,0,0,1
369815,0,0,0,0,0,0,0,1
369548,0,0,0,0,0,0,0,0
369789,0,0,0,0,0,0,0,0
369753,1,0,1,0,0,0,0,0
369833,0,0,0,0,0,0,0,1
369790,0,0,0,0,0,0,0,0
369828,0,0,0,0,0,0,0,1
369801,0,0,0,0,0,0,0,1
369618,1,1,1,1,0,1,0,0
369612,1,0,1,0,0,1,0,0
369545,1,0,1,0,0,0,0,0
369751,1,0,1,0,0,0,0,0
369767,1,0,1,0,0,0,0,0
369595,1,1,1,1,0,0,0,0
369738,1,1,3,1,0,0,0,0
369792,1,0,1,0,0,0,0,0
369717,1,0,0,0,0,0,0,0
369755,1,1,1,1,0,0,0,0
369718,1,0,1,0,0,0,0,0
369814,0,0,0,0,0,0,0,0
369806,0,0,0,0,0,0,0,1
369770,1,0,0,0,0,0,0,0
369824,1,0,0,0,0,0,0,0
369817,0,0,0,0,0,0,0,1
369763,1,0,1,0,0,0,0,0
369744,1,0,1,0,0,0,0,0
369829,0,0,0,0,0,0,0,0
369831,0,0,0,0,0,0,0,0
369683,1,0,3,0,0,0,0,0
369746,1,0,1,0,0,0,0,0
369748,0,0,0,0,0,0,0,0
369799,1,0,1,0,0,0,0,0
369832,1,0,2,0,0,0,0,0
369840,0,0,0,0,0,0,0,1
369627,1,1,2,2,0,0,0,0
369827,1,0,1,0,0,0,0,0
369821,1,0,1,0,0,0,0,0
369688,1,1,1,1,0,0,0,0
369818,0,0,0,0,0,0,0,0
369830,0,0,0,0,0,0,0,0
369649,1,0,2,0,0,0,0,0
369689,1,0,1,0,0,0,0,0
369739,1,1,1,1,0,0,0,0
369654,1,0,1,0,0,0,0,0
369711,1,0,1,0,0,0,0,0
369692,1,1,7,3,0,0,0,0
369800,0,0,0,0,0,0,0,0
369810,0,0,0,0,0,0,0,0
369837,0,0,0,0,0,0,0,1
369777,0,0,0,0,0,0,0,0
369630,1,0,0,0,0,0,0,0
369823,0,0,0,0,0,0,0,0
369682,1,1,1,1,0,0,0,0
369728,1,0,1,0,0,0,0,0
369765,1,0,1,0,0,0,0,0
369754,1,0,1,0,0,0,0,0
369601,1,0,1,0,0,1,0,0
369820,0,0,0,0,0,0,0,0
369772,1,0,0,0,0,0,0,0
369812,1,0,1,0,0,0,0,0
369631,1,0,0,0,0,0,0,0
369716,1,0,1,0,0,0,0,0
369805,0,0,0,0,0,0,0,0
369636,1,0,0,0,0,0,0,0
369845,0,0,0,0,0,0,0,0
369809,1,0,1,0,0,0,0,0
369715,0,0,0,0,0,0,0,0
369841,0,0,0,0,0,0,0,0
369843,0,0,0,0,0,0,0,0
369844,0,0,0,0,0,0,0,0
369729,1,0,1,0,0,0,0,0
369644,0,0,0,0,0,0,0,1
369811,1,0,0,0,0,0,0,0
369791,1,0,6,0,0,0,0,0
369813,1,0,1,0,0,0,0,0
369760,1,0,0,0,0,0,0,0
369762,1,0,1,0,0,0,0,0
369839,1,1,18,17,0,0,0,0
369857,0,0,0,0,0,0,0,1
369745,1,0,6,0,1,0,0,0
369650,1,0,3,0,0,0,0,0
369826,1,0,1,0,0,0,0,0
369850,0,0,0,0,0,0,0,0
369670,0,0,0,0,0,0,0,0
369653,1,0,0,0,0,0,0,0
369803,1,1,1,1,0,0,0,0
369642,0,0,0,0,0,0,0,0
369835,1,0,0,0,0,0,0,0
369846,1,0,0,0,0,0,0,0
369638,0,0,0,0,0,0,0,0
369742,1,1,1,1,0,0,0,0
369639,0,0,0,0,0,0,0,0
369608,1,1,2,1,0,0,0,0
369643,1,1,1,1,0,0,0,0
369641,0,0,0,0,0,0,0,0
369802,1,0,1,0,0,0,0,0
369804,0,0,0,0,0,0,0,0
369856,0,0,0,0,0,0,0,0
369834,1,1,1,1,0,0,0,0
369854,0,0,0,0,0,0,0,0
369713,1,0,2,0,1,1,0,0
369637,1,0,1,0,0,0,0,0
369860,1,0,0,0,0,0,0,0
369862,1,0,1,0,0,0,0,0
369819,1,0,1,0,0,0,0,0
369849,1,0,1,0,0,0,0,0
369838,0,0,0,0,0,0,0,0
369866,0,0,0,0,0,0,0,1
369858,1,0,1,0,0,0,0,0
369747,1,1,1,1,0,0,0,0
369645,0,0,0,0,0,0,0,0
369822,1,0,1,0,0,0,0,0
369795,1,0,1,0,0,0,0,0
369848,1,1,2,1,0,0,0,0
369890,0,0,0,0,0,0,0,1
369671,1,0,1,0,0,1,0,0
369847,1,1,1,1,0,0,0,0
369784,1,1,1,1,0,0,0,0
369873,0,0,0,0,0,0,0,0
369864,0,0,0,0,0,0,0,0
369694,1,0,1,0,0,0,0,0
369880,0,0,0,0,0,0,0,1
369895,0,0,0,0,0,0,0,1
369871,0,0,0,0,0,0,0,1
369771,1,1,3,2,0,0,0,0
369891,0,0,0,0,0,0,0,1
369868,0,0,0,0,0,0,0,0
369876,0,0,0,0,0,0,0,0
369885,0,0,0,0,0,0,0,0
369657,1,0,1,0,0,0,0,0
369870,0,0,0,0,0,0,0,0
369783,1,0,1,0,0,0,0,0
369897,0,0,0,0,0,0,0,1
369896,0,0,0,0,0,0,0,1
369883,1,0,1,0,0,0,0,0
369591,1,0,1,0,0,0,0,0
369902,0,0,0,0,0,0,0,1
369775,1,0,3,0,0,0,0,0
369901,1,1,1,1,0,0,0,0
369888,1,0,1,0,0,0,0,0
369872,1,0,1,0,0,0,0,0
369898,0,0,0,0,0,0,0,0
369878,1,1,1,1,0,0,0,0
369798,1,0,1,0,0,0,0,0
369877,1,0,1,0,0,0,0,0
369874,1,0,2,0,0,0,0,0
369875,0,0,0,0,0,0,0,0
369859,1,1,1,1,0,0,0,0
369863,1,0,1,0,0,0,0,0
369714,1,1,1,1,0,0,0,0
369910,0,0,0,0,0,0,0,1
369899,0,0,0,0,0,0,0,0
369887,0,0,0,0,0,0,0,0
369919,0,0,0,0,0,0,0,1
369853,1,0,0,0,0,0,0,0
369900,1,0,1,0,0,0,0,0
369796,1,0,1,0,0,0,0,0
369865,1,1,1,1,0,0,0,0
369904,1,0,1,0,0,0,0,0
369907,0,0,0,0,0,0,0,0
369908,1,0,1,0,0,0,0,0
369905,0,0,0,0,0,0,0,0
369917,1,0,2,0,0,0,0,0
369916,0,0,0,0,0,0,0,0
369842,1,0,1,0,0,0,0,0
369882,1,0,1,0,0,0,0,0
369884,1,0,1,0,0,0,0,0
369915,1,0,1,0,0,0,0,0
369909,0,0,0,0,0,0,0,0
369647,1,0,1,0,0,0,0,0
369913,1,0,1,0,1,1,0,0
369886,0,0,0,0,0,0,0,0
369892,0,0,0,0,0,0,0,0
369651,1,0,2,0,0,0,0,0
369894,1,0,1,0,0,0,0,0
369656,1,0,2,0,0,0,0,0
369623,1,0,1,0,0,0,0,0
369570,1,0,2,0,0,0,0,0
369852,0,0,0,0,0,0,0,0
369807,1,0,2,0,0,0,0,0
369869,1,0,0,0,0,0,0,0
369903,1,0,2,0,0,0,0,0
369914,1,1,7,6,0,0,0,0
369685,1,0,2,0,0,0,0,0
369881,1,0,1,0,0,0,0,0
369606,1,0,0,0,0,0,0,0
369921,1,1,6,1,1,0,0,0
369750,1,0,1,0,1,0,0,0
369550,1,1,5,1,0,0,0,0
369793,1,0,4,0,0,0,0,0
369836,1,1,1,1,0,0,0,0
369733,1,0,2,0,0,0,0,0
369710,1,0,1,0,0,0,0,0
369781,1,0,1,0,0,0,0,0
369879,1,0,1,0,0,1,0,0
369912,1,1,5,1,0,0,0,0
369672,1,1,8,8,0,0,0,0
369678,1,1,6,1,0,0,0,0
369920,1,0,2,0,0,0,0,0
369598,1,0,4,0,0,1,0,0
369646,1,1,4,2,0,0,0,0
369640,1,1,2,1,0,0,0,0
369659,1,1,1,1,0,0,0,0
369816,1,0,1,0,0,0,0,0
369893,1,0,3,0,0,0,0,0
369776,1,0,7,0,0,0,0,0
369602,1,0,1,0,0,0,0,0
369572,1,1,4,3,0,0,0,0
369889,1,1,2,1,0,0,0,0
369851,1,1,1,1,0,1,0,0
369620,1,1,5,3,0,0,0,0
369918,1,0,6,0,0,0,0,0
369675,1,1,3,2,0,0,0,0
370381,0,0,0,0,0,0,0,1
370357,0,0,0,0,0,0,0,1
370308,0,0,0,0,0,0,0,1
370316,0,0,0,0,0,0,0,1
370350,0,0,0,0,0,0,0,1
370390,0,0,0,0,0,0,0,1
370318,0,0,0,0,0,0,0,1
370386,1,0,1,0,0,0,0,0
370387,1,1,1,1,0,0,0,0
370326,1,0,1,0,0,0,0,0
370354,0,0,0,0,0,0,0,1
370378,1,0,2,0,0,0,0,0
370392,0,0,0,0,0,0,0,1
370391,1,0,1,0,0,0,0,0
370301,1,1,2,1,0,0,0,0
370330,1,0,1,0,0,0,0,0
370343,0,0,0,0,0,0,0,0
370389,1,0,1,0,0,0,0,0
370337,1,0,0,0,0,0,0,0
370349,1,0,1,0,0,0,0,0
370366,0,0,0,0,0,0,0,0
370317,1,0,1,0,0,0,0,0
370370,0,0,0,0,0,0,0,0
370313,0,0,0,0,0,0,0,0
370360,1,0,2,0,0,0,0,0
370312,1,1,1,1,0,0,0,0
370348,1,0,1,0,0,0,0,0
370306,1,0,1,0,0,0,0,0
370310,1,0,0,0,0,0,0,0
370334,1,0,1,0,0,0,0,0
370333,1,0,1,0,0,0,0,0
370384,1,1,1,1,0,0,0,0
370388,1,0,1,0,0,0,0,0
370328,1,0,1,0,0,0,0,0
370363,1,1,1,1,0,0,0,0
370365,1,1,1,1,0,0,0,0
370376,1,0,1,0,0,0,0,0
370309,1,0,1,0,0,0,0,0
370329,0,0,0,0,0,0,0,0
370304,1,0,1,0,0,0,0,0
370332,0,0,0,0,0,0,0,0
370300,1,0,1,0,0,0,0,0
370320,1,0,0,0,0,0,0,0
370382,0,0,0,0,0,0,0,0
370346,1,0,1,0,0,0,0,0
370311,1,0,1,0,0,1,0,0
370395,1,0,1,0,0,0,0,0
370305,0,0,0,0,0,0,0,0
370369,1,0,1,0,0,0,0,0
370347,0,0,0,0,0,0,0,0
370385,1,0,1,0,0,0,0,0
370327,1,0,1,0,0,0,0,0
370380,1,0,2,0,0,0,0,0
370339,1,1,4,3,0,0,0,0
370315,1,0,0,0,0,0,0,0
370368,1,0,1,0,0,0,0,0
370319,0,0,0,0,0,0,0,0
370367,1,0,1,0,0,0,0,0
370362,0,0,0,0,0,0,0,0
370359,1,0,1,0,0,0,0,0
370426,0,0,0,0,0,0,0,1
370322,1,0,1,0,0,0,0,0
370307,1,0,1,0,0,0,0,0
370321,1,1,2,1,0,0,0,0
370404,0,0,0,0,0,0,0,1
370439,0,0,0,0,0,0,0,1
370414,1,0,0,0,0,0,0,0
369556,1,1,5,1,0,0,0,0
370432,0,0,0,0,0,0,0,0
370449,0,0,0,0,0,0,0,1
370323,1,0,0,0,0,0,0,0
370336,1,1,2,1,0,0,0,0
370430,0,0,0,0,0,0,0,0
370437,0,0,0,0,0,0,0,0
370418,1,0,0,0,0,0,0,0
370353,0,0,0,0,0,0,0,0
370450,0,0,0,0,0,0,0,0
370403,0,0,0,0,0,0,0,0
370451,0,0,0,0,0,0,0,0
370408,1,1,1,1,0,0,0,0
370401,1,0,1,0,0,0,0,0
370425,0,0,0,0,0,0,0,0
370351,1,1,3,1,0,0,0,0
370423,1,0,3,0,0,0,0,0
370409,0,0,0,0,0,0,0,0
370397,0,0,0,0,0,0,0,0
370454,1,1,2,1,0,0,0,0
370424,0,0,0,0,0,0,0,0
370422,0,0,0,0,0,0,0,0
370441,0,0,0,0,0,0,0,0
370358,1,0,0,0,0,0,0,0
370464,0,0,0,0,0,0,0,1
370448,1,0,3,0,0,0,0,0
370364,0,0,0,0,0,0,0,0
370447,1,0,1,0,0,0,0,0
370419,0,0,0,0,0,0,0,0
370429,1,0,1,0,0,0,0,0
370341,0,0,0,0,0,0,0,0
370416,1,0,1,0,0,0,0,0
370473,0,0,0,0,0,0,0,1
370461,1,0,1,0,0,0,0,0
370482,0,0,0,0,0,0,0,1
370377,1,0,1,0,0,0,0,0
370434,0,0,0,0,0,0,0,0
370444,0,0,0,0,0,0,0,0
370485,0,0,0,0,0,0,0,1
370428,0,0,0,0,0,0,0,0
370338,1,0,0,0,0,0,0,0
370412,1,1,1,1,0,0,0,0
370479,0,0,0,0,0,0,0,1
370442,1,0,1,0,0,0,0,0
370481,0,0,0,0,0,0,0,1
370453,1,0,1,0,0,0,0,0
370375,1,1,2,1,0,0,0,0
370438,0,0,0,0,0,0,0,0
370420,1,0,2,0,0,0,0,0
370490,0,0,0,0,0,0,0,1
370458,1,0,1,0,0,0,0,0
370471,0,0,0,0,0,0,0,0
370415,1,0,1,0,0,0,0,0
370405,1,1,1,1,0,0,0,0
370435,1,1,1,1,1,1,0,0
370446,1,1,1,1,0,0,0,0
370499,0,0,0,0,0,0,0,1
370488,0,0,0,0,0,0,0,1
370342,1,0,0,0,0,0,0,0
370477,1,1,7,4,0,0,0,0
370486,0,0,0,0,0,0,0,1
370500,0,0,0,0,0,0,0,1
370379,1,0,1,0,0,0,0,0
370494,1,0,1,0,0,0,0,0
370372,1,0,1,0,0,0,0,0
370502,0,0,0,0,0,0,0,0
370483,1,0,0,0,0,0,0,0
370511,1,0,0,0,0,0,0,0
370468,1,0,1,0,0,0,0,0
370463,1,0,1,0,0,0,0,0
370399,0,0,0,0,0,0,0,0
370524,0,0,0,0,0,0,0,1
370466,1,0,1,0,0,0,0,0
370465,0,0,0,0,0,0,0,0
370462,1,1,1,1,0,0,0,0
370474,1,1,1,1,0,0,0,0
370371,1,0,1,0,0,0,0,0
370411,1,0,0,0,0,0,0,0
370480,1,0,2,0,0,0,0,0
370509,1,0,0,0,0,0,0,0
370501,0,0,0,0,0,0,0,0
370436,1,0,1,0,0,0,0,0
370355,1,0,1,0,0,0,0,0
370527,0,0,0,0,0,0,0,1
370515,1,0,1,0,0,0,0,0
370529,0,0,0,0,0,0,0,1
370314,1,0,1,0,0,0,0,0
370508,1,0,1,0,0,0,0,0
370335,1,0,2,0,0,0,0,0
370505,1,1,1,1,0,0,0,0
370495,0,0,0,0,0,0,0,0
370493,1,0,0,0,0,0,0,0
370496,0,0,0,0,0,0,0,0
370324,1,0,1,0,0,0,0,0
370504,1,0,2,0,0,0,0,0
370413,1,1,1,1,0,0,0,0
370513,0,0,0,0,0,0,0,0
370520,1,0,1,0,0,0,0,0
370523,1,0,1,0,0,0,0,0
370531,0,0,0,0,0,0,0,1
370507,1,0,2,0,0,0,0,0
370476,1,0,0,0,0,0,0,0
370402,0,0,0,0,0,0,0,0
370543,0,0,0,0,0,0,0,1
370518,1,0,1,0,0,0,0,0
370503,1,0,0,0,0,0,0,0
370526,1,0,1,0,0,0,0,0
370512,1,1,1,1,0,0,0,0
370517,1,0,1,0,1,1,0,0
370548,0,0,0,0,0,0,0,0
370478,0,0,0,0,0,0,0,0
370431,1,0,1,0,0,0,0,0
370519,1,0,1,0,0,0,0,0
370396,1,1,1,1,0,1,0,0
370556,0,0,0,0,0,0,0,1
370489,1,0,1,0,0,0,0,0
370525,1,0,1,0,0,0,0,0
370472,1,0,1,0,0,0,0,0
370460,1,0,1,0,0,0,0,0
370516,1,0,1,0,0,0,0,0
370514,1,0,1,0,0,0,0,0
370541,1,1,1,1,0,0,0,0
370552,1,1,2,2,0,0,0,0
370558,0,0,0,0,0,0,0,0
370539,1,0,1,0,0,0,0,0
370553,1,1,11,5,0,0,0,0
370554,1,0,1,0,0,0,0,0
370534,1,0,3,0,0,0,0,0
370542,1,0,1,0,0,0,0,0
370530,1,0,0,0,0,0,0,0
370455,1,0,1,0,0,0,0,0
370528,1,0,1,0,0,0,0,0
370546,1,1,1,1,0,0,0,0
370559,0,0,0,0,0,0,0,0
370566,0,0,0,0,0,0,0,0
370547,1,0,1,0,0,0,0,0
370550,0,0,0,0,0,0,0,0
370580,0,0,0,0,0,0,0,1
370545,1,0,1,0,0,0,0,0
370535,1,0,1,0,0,0,0,0
370467,1,0,1,0,0,0,0,0
370562,0,0,0,0,0,0,0,0
370540,1,1,1,1,0,0,0,0
370410,1,1,2,2,0,0,0,0
370551,1,0,0,0,0,0,0,0
370569,1,0,1,0,0,0,0,0
370594,0,0,0,0,0,0,0,1
370521,1,0,1,0,0,0,0,0
370492,1,0,0,0,0,0,0,0
370549,1,0,1,0,0,0,0,0
370603,0,0,0,0,0,0,0,1
370602,0,0,0,0,0,0,0,1
370544,1,0,0,0,0,0,0,0
370604,1,1,1,1,0,0,0,0
370560,1,0,1,0,0,0,0,0
370457,1,0,1,0,0,0,0,0
370555,1,0,2,0,0,0,0,0
370599,1,1,2,1,0,0,0,0
370470,1,1,1,1,0,0,0,0
370585,1,0,1,0,0,0,0,0
370592,1,0,0,0,0,0,0,0
370581,0,0,0,0,0,0,0,0
370591,0,0,0,0,0,0,0,0
370383,1,1,2,1,0,0,0,0
370498,1,0,1,0,0,0,0,0
370588,1,0,1,0,0,0,0,0
370620,0,0,0,0,0,0,0,0
370579,1,0,1,0,0,0,0,0
370621,0,0,0,0,0,0,0,1
370608,0,0,0,0,0,0,0,0
370615,1,0,0,0,0,0,0,0
370563,1,0,1,0,0,0,0,0
370589,1,0,1,0,0,0,0,0
370609,1,0,2,0,0,0,0,0
370613,1,1,1,1,0,0,0,0
370522,1,0,1,0,0,0,0,0
370590,1,1,1,1,0,0,0,0
370618,1,0,2,0,0,0,0,0
370459,1,1,4,3,0,0,0,0
370612,1,1,1,1,0,0,0,0
370597,1,1,4,2,0,0,0,0
370565,1,0,2,0,0,0,0,0
370538,1,0,1,0,0,0,0,0
370593,1,0,1,0,0,0,0,0
370610,1,0,2,0,0,0,0,0
370491,1,0,2,0,0,0,0,0
370596,1,1,1,1,0,0,0,0
370619,1,0,1,0,0,0,0,0
370573,1,0,1,0,0,0,0,0
370607,0,0,0,0,0,0,0,0
370616,1,0,1,0,0,0,0,0
370614,0,0,0,0,0,0,0,0
370571,1,0,1,0,0,0,0,0
370605,1,1,1,1,0,0,0,0
370587,1,0,1,0,0,0,0,0
370631,0,0,0,0,0,0,0,1
370584,0,0,0,0,0,0,0,0
370622,1,0,0,0,0,0,0,0
370624,1,0,0,0,0,0,0,0
370626,1,0,1,0,0,0,0,0
370598,0,0,0,0,0,0,0,0
370445,1,1,2,1,0,1,0,0
370567,1,0,1,0,0,0,0,0
370627,0,0,0,0,0,0,0,0
370630,0,0,0,0,0,0,0,0
370632,1,0,1,0,0,0,0,0
370635,1,1,1,1,0,0,0,0
370628,1,0,1,0,0,0,0,0
370582,0,0,0,0,0,0,0,0
370633,0,0,0,0,0,0,0,0
370583,1,0,1,0,0,0,0,0
370456,1,1,6,3,0,0,0,0
370568,1,0,1,0,0,0,0,0
370532,1,0,1,0,0,0,0,0
370634,1,0,2,0,0,0,0,0
370637,1,1,1,1,0,0,0,0
370646,0,0,0,0,0,0,0,1
370629,1,0,0,0,0,0,0,0
370636,1,1,1,1,0,0,0,0
370639,0,0,0,0,0,0,0,0
370572,1,0,1,0,0,0,0,0
370648,1,0,1,0,0,0,0,0
370625,1,0,0,0,0,0,0,0
370650,1,0,1,0,0,0,0,0
370373,1,1,6,4,0,0,0,0
370644,0,0,0,0,0,0,0,0
370653,1,0,0,0,0,0,0,0
370649,0,0,0,0,0,0,0,0
370340,1,0,1,0,0,0,0,0
370652,1,0,2,0,0,0,0,0
370658,0,0,0,0,0,0,0,1
370660,0,0,0,0,0,0,0,1
370642,1,0,1,0,0,0,0,0
370659,0,0,0,0,0,0,0,1
370407,1,0,1,0,0,0,0,0
370640,1,1,1,1,0,0,0,0
370664,0,0,0,0,0,0,0,1
370647,1,0,1,0,0,0,0,0
370661,1,1,1,1,0,0,0,0
370484,1,1,12,1,0,0,0,0
370651,1,0,0,0,0,0,0,0
370564,1,0,2,0,0,0,0,0
370665,1,0,1,0,0,0,0,0
370656,0,0,0,0,0,0,0,0
370469,1,0,1,0,0,0,0,0
370666,1,0,1,0,0,0,0,0
370331,1,0,7,0,0,0,0,0
370601,1,0,1,0,0,0,0,0
370537,0,0,0,0,0,0,0,0
370655,1,0,1,0,0,0,0,0
370510,1,1,6,4,0,0,0,0
370673,1,0,1,0,0,0,0,0
370611,1,1,2,1,0,0,0,0
370586,1,0,3,0,0,0,0,0
370440,1,0,7,0,0,0,0,0
370675,0,0,0,0,0,0,0,0
370345,1,0,1,0,0,0,0,0
370645,1,0,1,0,0,0,0,0
370561,1,0,1,0,0,0,0,0
370668,1,0,0,0,0,0,0,0
370671,1,1,1,1,0,0,0,0
370641,1,0,1,0,0,0,0,0
369855,1,1,9,1,0,1,0,0
370303,1,1,5,3,0,0,0,0
370674,0,0,0,0,0,0,0,0
370677,0,0,0,0,0,0,0,0
370427,1,1,1,1,0,0,0,0
370398,1,0,1,0,0,0,0,0
370536,0,0,0,0,0,0,0,0
370356,1,0,1,0,0,0,0,0
370676,1,0,1,0,0,0,0,0
370433,1,0,1,0,0,1,0,0
370657,1,0,2,0,0,0,0,0
370662,1,0,1,0,0,0,0,0
370557,1,0,3,0,0,0,0,0
370667,1,0,1,0,0,0,0,0
370487,1,0,1,0,0,0,0,0
370638,1,0,1,0,0,0,0,0
370654,1,1,1,1,0,0,0,0
370452,1,0,2,0,0,0,0,0
370506,1,1,2,2,0,0,0,0
370374,1,1,4,1,0,0,0,0
369867,1,0,1,0,0,0,0,0
370672,1,0,2,0,0,0,0,0
370663,1,0,1,0,0,0,0,0
370475,1,1,1,1,0,0,0,0
370344,1,0,1,0,0,0,0,0
370669,1,0,3,0,0,0,0,0
370670,1,0,1,0,0,0,0,0
370406,1,0,2,0,0,0,0,0
370361,1,0,6,0,0,0,0,0
370325,1,1,5,5,1,1,0,0
370623,1,0,0,0,0,0,0,0
370421,1,0,23,0,0,0,0,0
370570,1,0,1,0,0,0,0,0
369597,1,0,5,0,0,0,0,0
370600,1,1,2,1,0,0,0,0
370497,1,1,4,3,0,0,0,0
369565,1,1,5,2,0,0,0,0
369782,1,1,2,1,0,0,0,0
370643,1,1,8,6,0,0,0,0
369655,1,0,32,0,0,0,0,0
369734,1,1,2,1,0,0,0,0
370443,1,0,3,0,0,0,0,0
370595,1,1,9,3,0,0,0,0
370400,1,1,5,1,0,0,0,0
369652,1,1,6,3,0,0,0,0
372226,0,0,0,0,0,0,0,1
372191,0,0,0,0,0,0,0,1
372190,0,0,0,0,0,0,0,1
372216,0,0,0,0,0,0,0,0
372202,0,0,0,0,0,0,0,0
372210,1,0,1,0,0,0,0,0
372252,0,0,0,0,0,0,0,1
372244,0,0,0,0,0,0,0,1
372198,1,1,1,1,0,0,0,0
372219,1,0,1,0,0,0,0,0
372213,0,0,0,0,0,0,0,0
372251,0,0,0,0,0,0,0,1
372196,1,0,2,0,0,0,0,0
372212,1,1,2,1,0,0,0,0
372215,0,0,0,0,0,0,0,0
372214,0,0,0,0,0,0,0,0
372199,1,0,1,0,0,0,0,0
372201,1,0,1,0,0,0,0,0
372197,1,1,17,10,0,0,0,0
372195,1,1,4,2,0,0,0,0
372194,1,0,1,0,0,0,0,0
372222,1,0,1,0,0,0,0,0
372239,1,0,1,0,0,0,0,0
372208,1,1,1,1,0,0,0,0
372220,1,1,1,1,0,0,0,0
372261,1,0,1,0,0,0,0,0
372217,1,0,2,0,0,0,0,0
372227,1,0,1,0,0,0,0,0
372241,1,0,0,0,0,0,0,0
372280,0,0,0,0,0,0,0,1
372257,0,0,0,0,0,0,0,0
372277,0,0,0,0,0,0,0,1
372225,0,0,0,0,0,0,0,0
372278,0,0,0,0,0,0,0,1
372200,1,1,1,1,0,0,0,0
372287,0,0,0,0,0,0,0,1
372289,0,0,0,0,0,0,0,1
372203,0,0,0,0,0,0,0,1
372271,0,0,0,0,0,0,0,0
372268,0,0,0,0,0,0,0,0
372236,0,0,0,0,0,0,0,1
372285,0,0,0,0,0,0,0,1
372312,0,0,0,0,0,0,0,1
372276,1,0,1,0,0,0,0,0
372320,0,0,0,0,0,0,0,1
372266,1,1,2,1,0,0,0,0
372254,0,0,0,0,0,0,0,0
372193,1,0,1,0,0,0,0,0
372332,0,0,0,0,0,0,0,0
372282,0,0,0,0,0,0,0,0
372248,0,0,0,0,0,0,0,0
372291,1,0,1,0,0,0,0,0
372321,0,0,0,0,0,0,0,0
372269,1,1,2,1,0,0,0,0
372318,1,1,1,1,0,0,0,0
372211,1,0,1,0,0,0,0,0
372316,0,0,0,0,0,0,0,0
372328,0,0,0,0,0,0,0,1
372313,0,0,0,0,0,0,0,0
372315,1,0,1,0,0,0,0,0
372232,1,0,1,0,0,0,0,0
372267,1,0,1,0,0,0,0,0
372304,0,0,0,0,0,0,0,0
372192,1,1,2,2,0,0,0,0
372305,1,0,0,0,0,0,0,0
372256,1,0,1,0,0,0,0,0
372272,0,0,0,0,0,0,0,0
372319,0,0,0,0,0,0,0,0
372265,1,0,2,0,0,0,0,0
372335,1,0,1,0,0,0,0,0
372284,0,0,0,0,0,0,0,0
372235,1,0,1,0,0,0,0,0
372243,1,0,1,0,0,0,0,0
372309,0,0,0,0,0,0,0,0
372295,1,0,1,0,0,0,0,0
372233,1,0,1,0,0,0,0,0
372343,0,0,0,0,0,0,0,0
372237,1,1,1,1,0,0,0,0
372311,1,0,1,0,0,0,0,0
372247,1,1,1,1,0,0,0,0
372307,1,0,1,0,0,0,0,0
372345,0,0,0,0,0,0,0,0
372302,1,0,0,0,0,0,0,0
372310,1,0,1,0,0,0,0,0
372306,1,0,1,0,0,0,0,0
372331,1,0,1,0,0,0,0,0
372337,0,0,0,0,0,0,0,0
372230,1,1,16,5,0,0,0,0
372344,1,0,1,0,0,0,0,0
372299,1,1,1,1,1,0,0,0
372283,1,0,1,0,0,0,0,0
372340,1,0,1,0,0,0,0,0
372275,1,1,1,1,0,0,0,0
372294,0,0,0,0,0,0,0,0
372259,1,1,1,1,0,0,0,0
372326,1,0,1,0,0,0,0,0
372301,0,0,0,0,0,0,0,0
372288,0,0,0,0,0,0,0,0
372349,1,0,1,0,0,1,0,0
372258,1,0,1,0,0,0,0,0
372308,1,0,1,0,0,0,0,0
372329,1,0,2,0,0,0,0,0
372342,0,0,0,0,0,0,0,0
372223,1,1,3,1,1,0,0,0
372234,1,0,1,0,0,0,0,0
372367,0,0,0,0,0,0,0,1
372355,1,0,1,0,0,0,0,0
372353,1,0,1,0,0,0,0,0
372338,1,0,1,0,0,0,0,0
372317,1,0,1,0,0,0,0,0
372281,1,1,1,1,1,0,0,0
372221,1,1,1,1,0,1,0,0
372290,1,1,1,1,0,0,0,0
372245,1,0,1,0,0,0,0,0
372260,1,0,1,0,0,0,0,0
372253,1,0,1,0,0,0,0,0
372303,1,0,2,0,0,0,0,0
372325,0,0,0,0,0,0,0,0
372381,0,0,0,0,0,0,0,1
372357,1,0,2,0,0,0,0,0
372360,1,0,1,0,0,0,0,0
372327,1,1,1,1,0,0,0,0
372339,1,0,2,0,0,0,0,0
372358,0,0,0,0,0,0,0,0
372404,0,0,0,0,0,0,0,1
372405,0,0,0,0,0,0,0,1
372292,1,0,1,0,0,0,0,0
372322,1,0,1,0,0,0,0,0
372371,1,0,1,0,0,0,0,0
372354,1,0,1,0,0,0,0,0
372242,0,0,0,0,0,0,0,0
372255,1,0,1,0,0,0,0,0
372333,1,0,1,0,0,0,0,0
372379,0,0,0,0,0,0,0,0
372286,1,1,7,1,0,0,0,0
372378,1,1,1,1,0,0,0,0
372250,1,1,3,1,0,0,0,0
372384,0,0,0,0,0,0,0,0
372240,1,0,1,0,0,0,0,0
372415,1,1,1,1,0,0,0,0
372399,0,0,0,0,0,0,0,0
372341,1,0,1,0,0,0,0,0
372380,1,0,1,0,0,0,0,0
372346,1,0,1,0,0,0,0,0
372377,1,0,0,0,0,0,0,0
372417,1,0,0,0,0,0,0,0
372393,1,0,0,0,0,0,0,0
372209,1,0,1,0,0,0,0,0
372361,1,0,1,0,0,0,0,0
372350,0,0,0,0,0,0,0,0
372389,1,0,1,0,0,0,0,0
372386,0,0,0,0,0,0,0,0
372359,1,0,1,0,0,0,0,0
372362,1,0,1,0,0,0,0,0
372262,1,0,2,0,0,0,0,0
372422,1,1,3,1,0,0,0,0
372364,1,1,2,1,0,0,0,0
372410,1,0,1,0,0,0,0,0
372366,0,0,0,0,0,0,0,0
372229,1,0,1,0,0,0,0,0
372408,1,0,1,0,0,0,0,0
372421,1,0,1,0,0,0,0,0
372356,1,0,1,0,0,0,0,0
372363,1,0,1,0,0,0,0,0
372425,0,0,0,0,0,0,0,0
372428,0,0,0,0,0,0,0,0
372426,1,1,1,1,0,0,0,0
372246,1,1,6,3,0,0,0,0
372448,0,0,0,0,0,0,0,1
372382,1,1,1,1,0,0,0,0
372370,1,0,0,0,0,0,0,0
372449,0,0,0,0,0,0,0,1
372388,0,0,0,0,0,0,0,0
372403,1,0,3,0,0,0,0,0
372369,1,0,1,0,0,0,0,0
372418,1,0,3,0,0,1,0,0
372398,0,0,0,0,0,0,0,0
372334,1,0,1,0,0,1,0,0
372409,1,0,1,0,0,0,0,0
372430,1,1,1,1,0,0,0,0
372437,1,0,1,0,0,0,0,0
372460,0,0,0,0,0,0,0,1
372432,1,0,1,0,0,0,0,0
372431,1,0,1,0,0,0,0,0
372436,1,0,1,0,0,0,0,0
372397,1,0,1,0,0,0,0,0
372435,1,0,1,0,0,0,0,0
372376,1,0,1,0,0,0,0,0
372451,1,0,1,0,0,0,0,0
372387,1,0,1,0,0,0,0,0
372446,1,1,1,1,0,0,0,0
372231,1,0,1,0,0,1,0,0
372401,1,0,1,0,0,0,0,0
372455,0,0,0,0,0,0,0,0
372456,0,0,0,0,0,0,0,0
372416,1,0,1,0,0,0,0,0
372444,1,1,11,8,0,0,0,0
372406,1,0,1,0,0,0,0,0
372452,1,0,2,0,0,0,0,0
372443,0,0,0,0,0,0,0,0
372412,1,0,1,0,0,0,0,0
372424,1,1,1,1,0,0,0,0
372464,1,0,2,0,0,0,0,0
372447,1,1,1,1,0,0,0,0
372407,1,1,1,1,0,0,0,0
372270,1,0,32,0,0,0,0,0
372438,1,0,1,0,0,0,0,0
372300,1,1,3,1,0,0,0,0
372463,1,0,2,0,0,0,0,0
372472,1,0,1,0,0,0,0,0
372467,0,0,0,0,0,0,0,0
372469,0,0,0,0,0,0,0,0
372466,1,0,1,0,0,0,0,0
372374,1,1,2,2,0,0,0,0
372433,1,1,1,1,0,0,0,0
372461,1,1,1,1,0,0,0,0
372478,0,0,0,0,0,0,0,0
372442,0,0,0,0,0,0,0,0
372394,1,0,1,0,0,0,0,0
372470,1,0,1,0,0,0,0,0
372462,1,1,2,1,0,0,0,0
372483,0,0,0,0,0,0,0,0
372473,1,1,1,1,0,1,0,0
372439,1,1,3,1,0,0,0,0
372396,1,1,2,1,0,0,0,0
372373,1,1,1,1,0,0,0,0
372492,0,0,0,0,0,0,0,1
372324,1,0,1,0,0,0,0,0
372497,0,0,0,0,0,0,0,1
372484,1,1,1,1,0,0,0,0
372427,1,0,2,0,0,0,0,0
372368,1,0,1,0,0,0,0,0
372395,1,0,1,0,1,1,0,0
372501,0,0,0,0,0,0,0,1
372273,1,1,1,1,0,0,0,0
372475,1,0,1,0,0,0,0,0
372477,1,1,2,1,0,0,0,0
372468,0,0,0,0,0,0,0,0
372487,1,1,1,1,0,0,0,0
372479,0,0,0,0,0,0,0,0
372491,1,0,0,0,0,0,0,0
372485,1,0,1,0,0,0,0,0
372218,1,1,7,1,0,0,0,0
372527,0,0,0,0,0,0,0,1
372365,1,1,1,1,0,0,0,0
372482,1,0,0,0,0,0,0,0
372507,1,0,1,0,0,0,0,0
372476,1,0,4,0,0,0,0,0
372523,0,0,0,0,0,0,0,0
372520,1,0,0,0,0,0,0,0
372526,1,0,1,0,0,0,0,0
372314,1,1,4,2,0,0,0,0
372489,1,0,0,0,0,0,0,0
372516,1,0,1,0,0,0,0,0
372480,1,1,206,92,0,0,0,0
372514,1,0,1,0,0,0,0,0
372525,1,0,1,0,0,0,0,0
372495,1,0,1,0,0,0,0,0
372414,1,0,1,0,0,0,0,0
372263,1,0,12,0,0,0,0,0
372459,1,0,2,0,0,1,0,0
372524,1,0,1,0,0,0,0,0
372454,1,0,3,0,0,0,0,0
372488,1,0,0,0,0,0,0,0
372545,0,0,0,0,0,0,0,1
372471,1,0,0,0,0,0,0,0
372546,1,0,0,0,0,0,0,0
372528,1,0,0,0,0,0,0,0
372557,0,0,0,0,0,0,0,1
372372,1,1,2,1,0,0,0,0
372558,0,0,0,0,0,0,0,1
372553,0,0,0,0,0,0,0,1
372486,1,0,1,0,0,0,0,0
372559,0,0,0,0,0,0,0,1
372541,1,0,1,0,0,0,0,0
372538,1,0,1,0,0,0,0,0
372547,1,1,3,3,0,0,0,0
372539,1,0,0,0,0,0,0,0
372565,0,0,0,0,0,0,0,1
372551,0,0,0,0,0,0,0,0
372542,1,1,1,1,0,0,0,0
372264,1,0,1,0,0,0,0,0
372509,1,0,1,0,0,0,0,0
372493,1,0,1,0,0,0,0,0
372543,1,0,1,0,0,0,0,0
372540,1,0,1,0,0,0,0,0
372517,0,0,0,0,0,0,0,0
372511,1,0,1,0,0,0,0,0
372556,1,0,1,0,0,1,0,0
372490,1,1,1,1,1,0,0,0
372537,1,1,1,1,0,0,0,0
372499,1,0,0,0,0,0,0,0
372567,1,1,442,30,0,0,0,0
372535,0,0,0,0,0,0,0,0
372481,1,1,1,1,0,0,0,0
372534,1,0,1,0,0,0,0,0
372544,1,1,3,1,0,0,0,0
372533,0,0,0,0,0,0,0,0
372548,1,0,1,0,0,0,0,0
372564,1,1,1,1,1,0,0,0
372513,0,0,0,0,0,0,0,0
372530,1,1,1,1,0,0,0,0
372510,1,0,1,0,0,0,0,0
372552,1,0,1,0,0,0,0,0
372531,0,0,0,0,0,0,0,0
372238,1,1,1,1,1,1,0,0
372420,1,0,1,0,0,0,0,0
372532,1,0,1,0,0,0,0,0
372458,0,0,0,0,0,0,0,0
372566,1,1,1,1,0,0,0,0
372536,1,1,3,1,0,0,0,0
372336,1,0,1,0,0,0,0,0
372529,1,0,1,0,0,1,0,0
372550,0,0,0,0,0,0,0,0
372494,1,0,0,0,0,0,0,0
372560,1,0,2,0,0,0,0,0
372419,1,1,24,9,0,0,0,0
372515,1,1,1,1,1,0,0,0
372392,1,0,1,0,0,0,0,0
372521,1,0,1,0,0,0,0,0
372351,1,1,1,1,0,0,0,0
372453,1,0,0,0,0,0,0,0
372522,1,0,1,0,0,0,0,0
372505,1,0,1,0,0,0,0,0
372434,1,0,2,0,0,1,0,0
372293,1,1,1,1,0,0,0,0
372555,1,0,1,0,0,0,0,0
372441,1,0,3,0,0,0,0,0
372450,1,1,3,2,0,1,0,0
372554,1,0,4,0,0,0,0,0
372402,1,0,2,0,0,0,0,0
372347,1,1,3,1,0,0,0,0
372519,1,0,1,0,0,1,0,0
372429,1,1,2,1,1,1,0,0
372518,1,0,0,0,0,0,0,0
372561,1,0,1,0,0,1,0,0
372503,1,0,1,0,0,0,0,0
372375,1,1,4,2,0,0,0,0
372445,1,1,38,18,0,0,0,0
372504,1,1,3,2,0,0,0,0
372224,1,1,8,1,0,0,0,0
372390,1,0,1,0,0,0,0,0
372506,1,0,1,0,0,0,0,0
372562,1,0,1,0,0,0,0,0
372228,1,1,8,8,0,0,0,0
372297,1,1,1,1,0,0,0,0
372457,1,0,1,0,0,0,0,0
372400,1,0,5,0,0,0,0,0
370302,1,1,49,9,1,1,0,0
372348,1,1,3,3,0,0,0,0
372465,1,1,13,4,0,0,0,0
372563,1,1,5,1,0,0,0,0
372508,1,0,1,0,0,0,0,0
372411,1,1,5,3,0,0,0,0
372440,1,0,1,0,0,0,0,0
372549,1,1,2,1,0,0,0,0
372298,1,1,5,2,0,0,0,0
372330,1,1,3,1,0,0,0,0
372249,1,1,4,1,0,1,0,0
372352,1,0,9,0,0,0,0,0
372383,1,1,3,2,0,0,0,0
372423,1,0,1,0,0,0,0,0
372323,1,1,5,4,1,0,0,0
370417,1,1,3,1,0,0,0,0
372496,1,1,3,1,0,0,0,0
372413,1,1,7,2,0,0,0,0
373370,0,0,0,0,0,0,0,1
373338,0,0,0,0,0,0,0,1
373337,0,0,0,0,0,0,0,1
373335,0,0,0,0,0,0,0,1
373339,0,0,0,0,0,0,0,0
373336,0,0,0,0,0,0,0,1
373342,1,1,7,6,0,0,0,0
373364,1,0,1,0,0,0,0,0
373333,0,0,0,0,0,0,0,1
373405,0,0,0,0,0,0,0,1
373362,1,0,1,0,0,0,0,0
373340,1,0,1,0,0,0,0,0
373365,1,0,0,0,0,0,0,0
373347,0,0,0,0,0,0,0,0
373404,1,1,1,1,0,0,0,0
373330,0,0,0,0,0,0,0,0
373366,0,0,0,0,0,0,0,0
373331,1,0,1,0,0,0,0,0
373369,1,0,1,0,0,0,0,0
373368,0,0,0,0,0,0,0,0
373328,0,0,0,0,0,0,0,1
373360,1,1,1,1,0,0,0,0
373345,1,0,0,0,0,0,0,0
373356,0,0,0,0,0,0,0,1
373419,0,0,0,0,0,0,0,1
373408,0,0,0,0,0,0,0,1
373418,0,0,0,0,0,0,0,1
373346,1,1,1,1,0,0,0,0
373332,1,0,5,0,0,0,0,0
373406,1,0,1,0,0,0,0,0
373367,1,0,1,0,0,0,0,0
373422,0,0,0,0,0,0,0,1
373410,0,0,0,0,0,0,0,1
373350,1,0,2,0,0,0,0,0
373407,1,0,1,0,0,0,0,0
373355,0,0,0,0,0,0,0,0
373363,1,0,1,0,0,0,0,0
373424,1,0,0,0,0,0,0,0
373425,1,0,1,0,0,0,0,0
373416,1,0,1,0,0,0,0,0
373423,1,1,2,1,0,0,0,0
373420,1,1,1,1,0,0,0,0
373349,0,0,0,0,0,0,0,0
373324,0,0,0,0,0,0,0,0
373436,0,0,0,0,0,0,0,1
373326,1,1,1,1,0,0,0,0
373359,1,0,1,0,0,0,0,0
373441,0,0,0,0,0,0,0,1
373348,1,0,1,0,0,0,0,0
373430,1,0,1,0,0,0,0,0
373325,1,1,5,1,0,0,0,0
373417,1,1,1,1,0,0,0,0
373357,1,0,1,0,0,0,0,0
373352,1,0,1,0,0,0,0,0
373353,0,0,0,0,0,0,0,0
373432,1,0,1,0,0,0,0,0
373439,1,0,1,0,0,0,0,0
373444,0,0,0,0,0,0,0,0
373437,1,0,1,0,0,0,0,0
373443,1,0,1,0,0,0,0,0
373394,1,0,1,0,0,0,0,0
373446,1,0,1,0,0,0,0,0
373452,0,0,0,0,0,0,0,1
373427,1,0,1,0,0,0,0,0
373455,0,0,0,0,0,0,0,1
373440,0,0,0,0,0,0,0,0
373412,1,1,1,1,0,1,0,0
373334,1,0,1,0,0,0,0,0
373413,1,1,2,2,0,0,0,0
372296,1,1,29,20,0,0,0,0
373426,1,0,1,0,0,0,0,0
373442,0,0,0,0,0,0,0,0
373428,1,0,1,0,0,0,0,0
373399,0,0,0,0,0,0,0,0
373354,1,1,13,5,0,0,0,0
373459,0,0,0,0,0,0,0,1
373453,1,1,1,1,0,0,0,0
373438,1,0,0,0,0,0,0,0
372391,1,0,3,0,0,0,0,0
373361,1,1,1,1,1,1,0,0
373435,1,1,1,1,0,0,0,0
373395,0,0,0,0,0,0,0,0
373344,1,0,4,0,0,0,0,0
373461,1,0,1,0,0,0,0,0
373373,0,0,0,0,0,0,0,1
373449,1,0,10,0,0,0,0,0
373421,1,0,0,0,0,0,0,0
373409,0,0,0,0,0,0,0,0
373470,0,0,0,0,0,0,0,1
373468,1,0,1,0,0,0,0,0
373396,1,0,1,0,0,0,0,0
373374,1,0,9,0,0,0,0,0
373403,1,0,1,0,0,0,0,0
373380,0,0,0,0,0,0,0,0
373466,1,0,1,0,0,0,0,0
373454,1,0,2,0,0,0,0,0
373377,0,0,0,0,0,0,0,0
373465,1,0,1,0,0,0,0,0
373372,1,0,3,0,0,0,0,0
373379,0,0,0,0,0,0,0,0
373414,1,0,0,0,0,0,0,0
373343,1,0,1,0,0,0,0,0
373327,1,0,2,0,0,0,0,0
373381,1,0,1,0,0,0,0,0
373476,1,0,0,0,0,0,0,0
373484,0,0,0,0,0,0,0,1
373489,0,0,0,0,0,0,0,1
373464,1,1,1,1,0,0,0,0
373429,1,0,0,0,0,0,0,0
373393,1,0,4,0,0,0,0,0
373358,1,0,1,0,0,0,0,0
373375,1,1,2,1,0,0,0,0
373451,1,1,1,1,1,0,0,0
373445,1,0,0,0,0,0,0,0
373386,0,0,0,0,0,0,0,0
373492,0,0,0,0,0,0,0,0
373398,1,0,1,0,0,0,0,0
373469,1,0,1,0,0,0,0,0
373462,1,0,1,0,0,0,0,0
373402,1,1,1,1,0,0,0,0
373503,0,0,0,0,0,0,0,1
373384,1,1,2,2,0,0,0,0
373472,1,0,1,0,0,0,0,0
373388,1,0,1,0,0,0,0,0
373387,1,0,0,0,0,0,0,0
373385,1,0,1,0,0,0,0,0
373460,1,1,6,5,0,0,0,0
373487,1,1,2,2,0,0,0,0
373456,1,0,1,0,0,1,0,0
373496,1,0,0,0,0,0,0,0
372207,1,0,1,0,0,0,0,0
373480,0,0,0,0,0,0,0,0
373481,0,0,0,0,0,0,0,0
372206,1,1,3,1,0,0,0,0
373392,1,0,1,0,0,0,0,0
373471,0,0,0,0,0,0,0,0
373389,1,1,2,1,0,0,0,0
373505,1,0,1,0,0,0,0,0
373500,1,0,2,0,0,0,0,0
373488,1,0,1,0,0,0,0,0
373473,0,0,0,0,0,0,0,0
373501,1,0,2,0,0,0,0,0
373378,1,0,1,0,0,0,0,0
373508,1,1,4,1,0,0,0,0
373520,0,0,0,0,0,0,0,1
373515,1,0,1,0,0,0,0,0
373511,0,0,0,0,0,0,0,0
373483,1,1,2,1,0,0,0,0
373477,1,1,2,2,0,0,0,0
373517,0,0,0,0,0,0,0,0
373519,0,0,0,0,0,0,0,1
373524,0,0,0,0,0,0,0,1
373512,1,0,1,0,0,0,0,0
373497,0,0,0,0,0,0,0,0
373513,1,0,1,0,0,0,0,0
373457,1,1,1,1,0,0,0,0
373391,1,0,1,0,0,0,0,0
373390,1,0,1,0,0,0,0,0
373475,1,1,5,2,0,0,0,0
373529,0,0,0,0,0,0,0,0
373382,1,0,1,0,0,0,0,0
373521,1,0,0,0,0,0,0,0
373450,1,0,1,0,0,0,0,0
373518,1,0,8,0,0,0,0,0
373514,1,0,1,0,0,0,0,0
373535,0,0,0,0,0,0,0,1
373493,1,1,3,2,0,0,0,0
373479,1,1,14,2,0,0,0,0
373502,1,1,2,1,0,0,0,0
373526,1,0,1,0,0,0,0,0
373485,1,0,1,0,0,0,0,0
373491,0,0,0,0,0,0,0,0
373504,0,0,0,0,0,0,0,0
373506,1,0,1,0,0,1,0,0
373522,1,0,1,0,0,0,0,0
373527,1,1,1,1,0,0,0,0
373434,1,0,3,0,0,0,0,0
373536,1,0,1,0,0,0,0,0
372204,1,0,1,0,0,0,0,0
373528,1,0,1,0,0,0,0,0
373558,0,0,0,0,0,0,0,1
373534,0,0,0,0,0,0,0,0
373383,1,1,2,1,1,0,0,0
373560,0,0,0,0,0,0,0,1
373433,1,0,2,0,0,0,0,0
373541,1,0,1,0,0,0,0,0
373532,0,0,0,0,0,0,0,0
373555,0,0,0,0,0,0,0,0
373562,0,0,0,0,0,0,0,1
373543,1,0,1,0,0,0,0,0
373563,0,0,0,0,0,0,0,1
373431,1,1,2,1,0,0,0,0
373537,1,0,1,0,0,0,0,0
373401,1,0,1,0,0,0,0,0
373547,1,0,1,0,0,0,0,0
373540,1,0,1,0,0,0,0,0
373568,0,0,0,0,0,0,0,0
373530,1,1,1,1,0,0,0,0
373565,1,0,1,0,1,1,0,0
373341,1,1,3,2,0,0,0,0
373573,0,0,0,0,0,0,0,1
373329,1,1,1,1,0,0,0,0
373545,1,0,1,0,0,0,0,0
373482,1,0,1,0,0,0,0,0
373548,0,0,0,0,0,0,0,0
373486,1,1,4,2,0,0,0,0
373552,0,0,0,0,0,0,0,0
373533,1,0,1,0,0,0,0,0
373531,1,0,1,0,0,0,0,0
373571,1,0,12,0,0,0,0,0
373538,1,0,1,0,0,0,0,0
373371,1,1,5,1,0,0,0,0
373467,1,1,1,1,0,0,0,0
373575,1,0,1,0,0,0,0,0
373400,1,0,1,0,0,0,0,0
373566,1,1,6,1,0,0,0,0
373474,1,0,1,0,0,0,0,0
372205,1,1,5,3,0,1,0,0
373564,1,0,1,0,0,0,0,0
373585,0,0,0,0,0,0,0,0
373578,0,0,0,0,0,0,0,0
373588,0,0,0,0,0,0,0,0
373567,0,0,0,0,0,0,0,0
373577,1,1,2,1,0,0,0,0
373586,1,0,1,0,0,0,0,0
373551,1,0,1,0,0,0,0,0
373593,0,0,0,0,0,0,0,1
373553,1,0,1,0,0,0,0,0
373600,0,0,0,0,0,0,0,1
373539,1,0,7,0,0,0,0,0
373574,1,0,1,0,0,0,0,0
373546,1,0,1,0,0,0,0,0
373554,0,0,0,0,0,0,0,0
373587,1,0,2,0,0,0,0,0
373448,1,1,1,1,0,0,0,0
373570,1,0,0,0,0,0,0,0
373509,1,0,1,0,0,0,0,0
373582,0,0,0,0,0,0,0,0
373549,1,1,1,1,1,0,0,0
373608,0,0,0,0,0,0,0,1
373589,1,0,1,0,0,0,0,0
373603,1,0,1,0,0,0,0,0
373525,1,1,1,1,0,0,0,0
373499,1,0,2,0,0,0,0,0
373580,1,0,1,0,0,0,0,0
373510,1,0,1,0,0,1,0,0
373591,1,0,1,0,0,0,0,0
373561,1,0,2,0,0,0,0,0
373498,0,0,0,0,0,0,0,0
373596,1,0,0,0,0,0,0,0
373581,1,0,2,0,0,0,0,0
373590,1,0,1,0,0,0,0,0
373523,1,0,1,0,0,0,0,0
373612,1,0,1,0,0,0,0,0
373559,1,1,1,1,1,1,0,0
373598,0,0,0,0,0,0,0,0
373614,1,1,1,1,0,0,0,0
373606,1,0,1,0,0,0,0,0
373583,1,0,1,0,0,1,0,0
373601,1,0,1,0,0,0,0,0
373613,0,0,0,0,0,0,0,0
373609,1,0,0,0,0,0,0,0
373576,1,0,1,0,0,0,0,0
373595,1,0,1,0,0,0,0,0
373604,1,0,0,0,0,0,0,0
373628,1,0,1,0,0,0,0,0
373544,1,0,3,0,0,0,0,0
373592,1,0,1,0,0,0,0,0
373626,1,0,1,0,0,0,0,0
373463,1,0,1,0,0,0,0,0
373599,1,0,2,0,0,0,0,0
373447,1,0,1,0,0,0,0,0
373630,1,0,0,0,0,0,0,0
373636,0,0,0,0,0,0,0,0
373641,0,0,0,0,0,0,0,1
373632,1,1,1,1,0,0,0,0
373631,0,0,0,0,0,0,0,0
373507,1,0,2,0,0,0,0,0
373617,0,0,0,0,0,0,0,0
373579,1,0,1,0,0,0,0,0
373624,0,0,0,0,0,0,0,0
373642,1,0,0,0,0,0,0,0
373645,0,0,0,0,0,0,0,0
373572,1,1,1,1,0,0,0,0
373616,1,0,1,0,0,0,0,0
373638,1,0,1,0,0,0,0,0
373594,1,0,1,0,0,0,0,0
373629,1,0,1,0,0,0,0,0
373643,0,0,0,0,0,0,0,0
373648,0,0,0,0,0,0,0,0
372474,1,0,9,0,0,0,0,0
373649,1,0,4,0,0,0,0,0
373650,1,0,1,0,0,0,0,0
373627,1,0,1,0,0,0,0,0
373659,1,0,1,0,0,0,0,0
373605,1,0,1,0,0,1,0,0
373610,1,0,1,0,0,0,0,0
373637,1,0,1,0,0,0,0,0
373665,0,0,0,0,0,0,0,1
373662,0,0,0,0,0,0,0,0
373623,1,1,12,1,0,0,0,0
373633,1,0,2,0,0,0,0,0
373644,0,0,0,0,0,0,0,0
373670,0,0,0,0,0,0,0,1
373652,1,0,4,0,0,0,0,0
373639,1,0,0,0,0,0,0,0
373664,0,0,0,0,0,0,0,0
373611,1,1,46,14,0,0,0,0
373657,1,0,1,0,0,0,0,0
373654,1,1,1,1,0,0,0,0
373615,1,1,1,1,0,0,0,0
373671,1,0,2,0,0,0,0,0
373666,1,0,1,0,0,0,0,0
373397,1,1,4,4,0,0,0,0
373620,1,1,1,1,0,0,0,0
373677,0,0,0,0,0,0,0,0
373660,1,0,1,0,0,0,0,0
373673,1,1,1,1,0,0,0,0
373676,1,0,1,0,0,0,0,0
373516,0,0,0,0,0,0,0,0
373653,1,1,1,1,0,0,0,0
373634,1,1,1,1,0,0,0,0
373625,1,0,1,0,0,0,0,0
373683,1,0,1,0,0,0,0,0
373674,1,0,1,0,0,0,0,0
373668,1,0,1,0,0,0,0,0
373618,1,0,2,0,0,0,0,0
373678,1,0,1,0,0,0,0,0
373672,0,0,0,0,0,0,0,0
373661,1,1,1,1,0,0,0,0
373622,1,0,1,0,0,0,0,0
373679,1,1,2,1,0,0,0,0
373690,1,0,1,0,0,0,0,0
373684,1,0,1,0,0,0,0,0
373697,1,0,0,0,0,0,0,0
373682,1,0,4,0,0,0,0,0
373655,1,0,1,0,0,0,0,0
373691,1,1,1,1,0,0,0,0
373663,1,1,4,1,0,0,0,0
373695,1,0,1,0,0,1,0,0
373688,1,1,1,1,0,0,0,0
373597,1,0,1,0,0,0,0,0
373640,1,1,1,1,0,0,0,0
373351,1,0,26,0,0,0,0,0
373699,1,0,1,0,0,0,0,0
373647,1,1,1,1,0,0,0,0
373669,1,1,1,1,0,0,0,0
373651,1,0,1,0,0,0,0,0
373490,1,0,1,0,0,0,0,0
373694,1,0,1,0,0,0,0,0
373698,1,0,1,0,0,0,0,0
373646,1,0,2,0,0,0,0,0
373689,1,1,7,3,0,0,0,0
373680,1,0,0,0,0,0,0,0
373681,1,0,1,0,0,0,0,0
373692,1,1,1,1,0,0,0,0
373557,1,0,2,0,0,1,0,0
373569,1,1,1,1,0,0,0,0
373693,1,1,1,1,0,0,0,0
373619,1,1,7,4,0,0,0,0
373556,1,1,6,3,0,0,0,0
373686,1,0,1,0,0,0,0,0
373656,1,0,2,0,0,1,0,0
373478,1,0,5,0,0,0,0,0
373700,1,0,1,0,0,0,0,0
372512,1,1,18,2,0,0,0,0
373458,1,1,7,1,0,0,0,0
373687,1,0,1,0,0,0,0,0
373696,1,1,1,1,0,0,0,0
373675,1,1,1,1,0,0,0,0
373701,1,0,1,0,0,1,0,0
372279,1,1,82,5,0,0,0,0
373495,1,0,1,0,0,0,0,0
373621,1,0,1,0,0,0,0,0
373667,1,0,2,0,0,1,0,0
373685,1,1,1,1,0,0,0,0
373494,1,0,1,0,0,0,0,0
373584,1,0,1,0,0,0,0,0
373635,1,1,2,1,0,0,0,0
373607,1,0,2,0,1,1,0,0
373550,1,0,1,0,0,0,0,0
373602,1,1,5,3,0,1,0,0
373376,1,1,19,2,0,0,0,0
373542,1,1,4,1,0,0,0,0
373658,1,1,22,4,0,0,0,0
370352,1,0,16,0,0,1,0,0
373411,1,1,41,5,0,0,0,0
370606,1,0,1,0,0,0,0,0
369596,1,1,32,31,0,0,0,0
369861,1,1,72,39,0,0,0,0
372385,1,1,20,2,0,0,0,0
374930,0,0,0,0,0,0,0,1
374855,0,0,0,0,0,0,0,1
374870,0,0,0,0,0,0,0,1
374914,0,0,0,0,0,0,0,1
374921,1,1,2,2,0,0,0,0
374913,0,0,0,0,0,0,0,1
374866,0,0,0,0,0,0,0,1
374917,0,0,0,0,0,0,0,1
374896,0,0,0,0,0,0,0,1
374838,0,0,0,0,0,0,0,1
374900,1,1,1,1,0,0,0,0
374916,0,0,0,0,0,0,0,0
374885,0,0,0,0,0,0,0,0
374929,0,0,0,0,0,0,0,1
374881,0,0,0,0,0,0,0,0
374837,0,0,0,0,0,0,0,1
374920,0,0,0,0,0,0,0,0
374923,1,0,1,0,0,0,0,0
374919,1,0,1,0,0,1,0,0
374850,1,0,2,0,0,0,0,0
374840,1,0,1,0,0,0,0,0
374857,0,0,0,0,0,0,0,0
374854,1,0,1,0,0,0,0,0
374868,1,0,2,0,0,0,0,0
374843,1,0,1,0,0,0,0,0
374918,1,0,1,0,0,0,0,0
374858,1,0,1,0,0,0,0,0
374865,1,0,1,0,0,0,0,0
374841,1,1,2,1,0,0,0,0
374888,1,0,1,0,0,0,0,0
374912,1,1,1,1,0,0,0,0
374889,1,0,0,0,0,0,0,0
374847,1,0,1,0,0,0,0,0
374864,0,0,0,0,0,0,0,0
374895,0,0,0,0,0,0,0,0
374969,1,0,1,0,0,0,0,0
374846,1,0,1,0,0,0,0,0
374898,0,0,0,0,0,0,0,0
374842,1,0,0,0,0,0,0,0
374966,0,0,0,0,0,0,0,1
374955,0,0,0,0,0,0,0,1
374928,1,0,1,0,0,0,0,0
374926,1,0,1,0,0,0,0,0
374892,1,1,1,1,0,0,0,0
374836,1,0,2,0,0,0,0,0
374931,1,0,1,0,0,0,0,0
374863,1,0,1,0,0,0,0,0
374894,0,0,0,0,0,0,0,0
374948,0,0,0,0,0,0,0,1
374922,1,0,0,0,0,0,0,0
374945,0,0,0,0,0,0,0,1
374899,1,1,1,1,0,0,0,0
374904,0,0,0,0,0,0,0,0
374901,0,0,0,0,0,0,0,0
374937,1,0,1,0,0,0,0,0
374845,1,0,1,0,0,0,0,0
374935,0,0,0,0,0,0,0,0
374959,1,0,0,0,0,0,0,0
374956,0,0,0,0,0,0,0,0
374906,1,0,1,0,0,0,0,0
374963,0,0,0,0,0,0,0,0
374839,1,0,1,0,0,0,0,0
374844,1,0,1,0,0,0,0,0
374958,0,0,0,0,0,0,0,0
374974,0,0,0,0,0,0,0,1
374960,1,0,1,0,0,0,0,0
374905,0,0,0,0,0,0,0,0
374879,0,0,0,0,0,0,0,0
374907,1,0,1,0,0,0,0,0
374883,0,0,0,0,0,0,0,0
374957,1,1,1,1,0,0,0,0
374875,0,0,0,0,0,0,0,0
374975,0,0,0,0,0,0,0,1
374891,0,0,0,0,0,0,0,0
374877,1,0,1,0,0,0,0,0
374967,1,0,1,0,0,0,0,0
374861,1,1,1,1,0,0,0,0
374851,1,1,1,1,0,0,0,0
374962,1,0,1,0,0,0,0,0
374927,1,0,1,0,0,0,0,0
374911,1,0,2,0,0,0,0,0
374924,1,1,3,1,0,0,0,0
374950,1,1,1,1,0,0,0,0
374853,1,1,4,2,0,0,0,0
374965,1,0,1,0,0,0,0,0
374890,1,1,1,1,0,0,0,0
374880,1,1,1,1,0,0,0,0
374971,1,1,1,1,0,0,0,0
375004,0,0,0,0,0,0,0,1
374887,1,0,1,0,0,1,0,0
375011,0,0,0,0,0,0,0,1
375017,0,0,0,0,0,0,0,1
374934,1,0,1,0,0,0,0,0
374980,0,0,0,0,0,0,0,1
374977,1,1,1,1,0,0,0,0
374981,0,0,0,0,0,0,0,0
374998,0,0,0,0,0,0,0,1
374992,1,0,1,0,0,0,0,0
375023,0,0,0,0,0,0,0,1
374983,0,0,0,0,0,0,0,0
375026,0,0,0,0,0,0,0,1
375008,0,0,0,0,0,0,0,0
374997,1,0,0,0,0,0,0,0
374987,1,0,1,0,0,0,0,0
375032,0,0,0,0,0,0,0,1
375047,0,0,0,0,0,0,0,1
375058,0,0,0,0,0,0,0,1
374993,1,0,1,0,0,0,0,0
375006,1,0,0,0,0,0,0,0
375028,0,0,0,0,0,0,0,0
374964,1,0,5,0,0,0,0,0
375057,0,0,0,0,0,0,0,1
375014,1,1,1,1,0,0,0,0
374982,1,0,0,0,0,0,0,0
375029,1,0,0,0,0,0,0,0
374862,1,0,1,0,0,0,0,0
375039,1,0,0,0,0,0,0,0
374852,1,0,1,0,0,0,0,0
375024,1,0,0,0,0,0,0,0
374984,1,0,0,0,0,0,0,0
374979,1,0,2,0,0,0,0,0
374944,1,1,1,1,1,0,0,0
374938,0,0,0,0,0,0,0,0
375016,0,0,0,0,0,0,0,0
375033,1,0,1,0,0,0,0,0
375044,1,0,0,0,0,0,0,0
374949,1,0,1,0,0,0,0,0
375075,0,0,0,0,0,0,0,1
374946,1,0,1,0,0,0,0,0
375022,1,0,0,0,0,0,0,0
375055,1,1,1,1,0,0,0,0
374961,1,0,1,0,0,0,0,0
375084,1,0,0,0,0,0,0,0
374915,1,0,0,0,0,0,0,0
375068,1,0,0,0,0,0,0,0
374953,1,0,1,0,0,0,0,0
374999,1,0,1,0,0,0,0,0
375054,1,0,1,0,0,0,0,0
375034,0,0,0,0,0,0,0,0
374942,1,0,1,0,0,0,0,0
375003,1,1,1,1,1,0,0,0
375018,0,0,0,0,0,0,0,0
375041,1,0,2,0,0,0,0,0
375038,1,1,5,3,0,0,0,0
375005,1,1,1,1,0,0,0,0
375020,1,0,1,0,0,0,0,0
375027,0,0,0,0,0,0,0,0
375079,0,0,0,0,0,0,0,0
375021,0,0,0,0,0,0,0,0
374933,1,0,1,0,0,0,0,0
375043,1,0,2,0,0,0,0,0
375086,1,0,1,0,0,0,0,0
375062,1,0,1,0,0,0,0,0
375081,0,0,0,0,0,0,0,0
375088,1,0,3,0,0,0,0,0
375012,1,1,2,1,0,0,0,0
374909,1,1,1,1,0,0,0,0
375098,0,0,0,0,0,0,0,1
375093,0,0,0,0,0,0,0,0
375092,1,0,0,0,0,0,0,0
374910,0,0,0,0,0,0,0,0
375001,1,1,1,1,0,0,0,0
375077,1,0,1,0,0,0,0,0
375070,1,0,1,0,0,0,0,0
375082,0,0,0,0,0,0,0,0
375019,1,0,1,0,0,0,0,0
375061,1,1,1,1,0,0,0,0
375087,1,0,1,0,0,1,0,0
375099,0,0,0,0,0,0,0,0
375108,1,0,1,0,0,0,0,0
374951,1,0,1,0,0,0,0,0
375010,1,0,1,0,0,0,0,0
374860,1,0,0,0,0,0,0,0
375065,1,0,1,0,0,0,0,0
375051,1,0,1,0,0,0,0,0
374995,0,0,0,0,0,0,0,0
375053,1,0,1,0,0,0,0,0
375131,0,0,0,0,0,0,0,0
375116,1,0,1,0,0,0,0,0
375007,1,0,1,0,0,0,0,0
375094,1,0,1,0,0,0,0,0
375013,1,0,1,0,0,0,0,0
375114,1,1,1,1,0,0,0,0
375113,0,0,0,0,0,0,0,0
374897,1,0,1,0,0,0,0,0
375069,1,0,1,0,0,0,0,0
375124,1,0,1,0,0,0,0,0
375111,1,0,1,0,0,0,0,0
374996,1,0,1,0,0,0,0,0
375152,0,0,0,0,0,0,0,1
374874,1,1,1,1,0,0,0,0
374978,1,0,0,0,0,0,0,0
375138,1,0,1,0,0,0,0,0
375134,1,0,1,0,0,0,0,0
375097,1,0,2,0,0,0,0,0
375121,1,1,2,1,0,0,0,0
374991,1,1,26,17,0,0,0,0
375060,0,0,0,0,0,0,0,0
375133,1,0,1,0,0,0,0,0
375105,1,0,0,0,0,0,0,0
375139,1,0,1,0,0,0,0,0
375127,1,0,1,0,0,0,0,0
374988,1,0,0,0,0,0,0,0
375145,1,0,0,0,0,0,0,0
375103,0,0,0,0,0,0,0,0
375064,1,1,2,1,0,0,0,0
375160,0,0,0,0,0,0,0,1
374932,1,1,1,1,0,0,0,0
374903,1,0,1,0,0,0,0,0
375167,0,0,0,0,0,0,0,1
375156,1,0,23,0,0,0,0,0
375118,1,1,2,1,0,0,0,0
375117,1,0,1,0,0,0,0,0
375050,1,0,1,0,0,0,0,0
375136,1,1,1,1,0,0,0,0
375128,0,0,0,0,0,0,0,0
375149,1,0,1,0,0,0,0,0
375112,1,0,1,0,0,0,0,0
375135,1,0,1,0,0,0,0,0
374941,1,1,1,1,0,0,0,0
375150,1,1,1,1,0,0,0,0
375129,0,0,0,0,0,0,0,0
375009,1,0,2,0,0,1,0,0
374936,1,1,8,7,0,0,0,0
375147,1,1,1,1,1,0,0,0
375025,0,0,0,0,0,0,0,0
375188,0,0,0,0,0,0,0,1
375148,0,0,0,0,0,0,0,0
375162,1,0,1,0,0,0,0,0
375102,1,1,1,1,0,0,0,0
375085,1,1,3,1,0,0,0,0
374872,0,0,0,0,0,0,0,0
374990,1,0,2,0,0,0,0,0
375159,1,0,0,0,0,0,0,0
375015,1,0,2,0,0,0,0,0
375130,1,0,1,0,0,0,0,0
375140,0,0,0,0,0,0,0,0
375126,1,0,1,0,0,0,0,0
375096,1,1,1,1,0,0,0,0
374908,1,0,1,0,1,1,0,0
375104,1,1,1,1,0,0,0,0
375178,0,0,0,0,0,0,0,0
375151,0,0,0,0,0,0,0,0
375052,1,0,1,0,0,0,0,0
375164,1,0,0,0,0,0,0,0
375186,0,0,0,0,0,0,0,0
374989,1,1,1,1,0,0,0,0
375142,1,0,1,0,1,1,0,0
375173,1,0,1,0,0,0,0,0
375171,0,0,0,0,0,0,0,0
375031,1,0,2,0,0,0,0,0
375120,1,0,1,0,1,1,0,0
375123,1,1,2,1,1,1,0,0
375090,1,0,1,0,0,0,0,0
375143,1,1,2,2,0,0,0,0
375074,1,0,2,0,0,1,0,0
375179,0,0,0,0,0,0,0,0
375154,1,0,1,0,0,0,0,0
375109,1,0,1,0,0,0,0,0
375083,1,0,1,0,0,0,0,0
375202,0,0,0,0,0,0,0,0
375170,1,0,1,0,0,0,0,0
375203,1,0,1,0,0,0,0,0
375211,0,0,0,0,0,0,0,0
375063,1,1,1,1,0,0,0,0
375180,1,0,1,0,0,0,0,0
375182,1,0,1,0,0,0,0,0
375197,0,0,0,0,0,0,0,0
375030,1,0,1,0,0,0,0,0
374985,1,0,1,0,0,0,0,0
375207,0,0,0,0,0,0,0,0
375206,0,0,0,0,0,0,0,0
375198,1,0,1,0,0,0,0,0
375192,1,0,1,0,0,0,0,0
375210,1,0,1,0,0,0,0,0
375194,1,0,1,0,0,0,0,0
375072,1,1,5,3,0,0,0,0
375191,1,0,1,0,0,0,0,0
375205,1,1,1,1,0,0,0,0
375037,1,0,1,0,0,0,0,0
375175,0,0,0,0,0,0,0,0
375212,1,1,1,1,0,0,0,0
375204,1,0,1,0,0,0,0,0
375209,1,0,1,0,0,0,0,0
375187,1,0,1,0,0,0,0,0
375181,1,0,1,0,0,0,0,0
375199,1,1,2,1,0,0,0,0
375183,1,0,1,0,0,0,0,0
375071,1,1,2,1,0,0,0,0
374986,1,1,1,1,0,0,0,0
375076,0,0,0,0,0,0,0,0
374939,1,0,1,0,0,0,0,0
375080,1,0,1,0,0,0,0,0
375166,1,0,1,0,0,0,0,0
375107,1,0,1,0,0,0,0,0
375122,1,0,1,0,0,0,0,0
375155,1,1,1,1,0,0,0,0
375163,1,0,1,0,0,0,0,0
375193,1,1,2,1,0,0,0,0
375200,1,1,1,1,0,0,0,0
375078,1,0,4,0,0,0,0,0
375185,1,0,1,0,0,0,0,0
375195,1,1,1,1,0,0,0,0
375213,1,0,1,0,0,0,0,0
375165,0,0,0,0,0,0,0,0
374871,1,1,2,2,0,0,0,0
375174,1,1,4,2,0,0,0,0
375059,1,0,1,0,0,0,0,0
375161,1,0,2,0,0,0,0,0
375042,1,0,1,0,0,0,0,0
375119,1,0,1,0,0,0,0,0
375106,1,0,2,0,0,0,0,0
375184,1,1,2,2,0,0,0,0
375158,1,0,1,0,0,0,0,0
375190,0,0,0,0,0,0,0,0
375208,1,0,3,0,0,0,0,0
375196,1,0,1,0,0,0,0,0
375168,1,0,0,0,0,0,0,0
375115,1,1,3,2,0,0,0,0
375100,1,0,3,0,0,0,0,0
375089,1,0,1,0,0,0,0,0
374859,1,0,1,0,0,0,0,0
375056,1,1,2,1,0,0,0,0
375036,1,0,2,0,0,0,0,0
374972,1,0,1,0,0,0,0,0
375157,1,0,1,0,0,0,0,0
375091,1,0,1,0,0,0,0,0
375189,1,0,1,0,0,0,0,0
374867,1,0,1,0,0,0,0,0
375002,1,0,1,0,0,0,0,0
375067,1,0,5,0,0,0,0,0
375066,1,1,24,9,0,0,0,0
375101,1,0,1,0,0,0,0,0
374878,1,0,1,0,1,1,0,0
375046,1,0,3,0,0,0,0,0
375144,1,1,1,1,1,1,0,0
375176,1,0,1,0,0,0,0,0
375040,1,1,1,1,0,0,0,0
374973,1,0,2,0,0,0,0,0
375177,1,0,1,0,0,0,0,0
375049,1,0,1,0,0,0,0,0
374952,1,0,1,0,0,0,0,0
375172,1,1,1,1,0,0,0,0
375110,1,1,2,1,0,0,0,0
375146,1,1,5,1,0,0,0,0
374940,1,0,1,0,0,0,0,0
375073,1,1,1,1,1,0,0,0
375035,1,0,1,0,0,0,0,0
375132,1,0,1,0,0,0,0,0
374943,1,1,1,1,0,0,0,0
374954,1,1,3,3,0,0,0,0
374873,1,0,1,0,0,0,0,0
375153,1,0,1,0,0,0,0,0
374869,1,0,1,0,0,0,0,0
375137,1,1,5,1,0,0,0,0
374893,1,0,105,0,0,0,0,0
374902,1,1,3,1,0,0,0,0
374947,1,1,2,1,0,0,0,0
374856,1,0,1,0,0,0,0,0
375095,1,1,7,4,0,0,0,0
374976,1,1,1,1,0,0,0,0
374884,1,0,4,0,0,1,0,0
374849,1,1,2,1,0,0,0,0
375048,1,0,5,0,0,0,0,0
375000,1,1,3,1,0,0,0,0
375201,1,1,12,6,0,0,0,0
375141,1,1,3,2,0,0,0,0
374994,1,0,59,0,0,0,0,0
374925,1,1,1,1,0,0,0,0
375045,1,1,19,1,0,1,0,0
374968,1,1,3,3,1,0,0,0
375169,1,1,18,7,0,0,0,0
375125,1,0,14,0,0,1,0,0
296527,1,1,79,58,0,0,0,0
375991,0,0,0,0,0,0,0,1
375990,0,0,0,0,0,0,0,1
375988,0,0,0,0,0,0,0,1
375977,0,0,0,0,0,0,0,1
376018,0,0,0,0,0,0,0,1
376056,0,0,0,0,0,0,0,1
376027,0,0,0,0,0,0,0,1
375987,0,0,0,0,0,0,0,0
376015,0,0,0,0,0,0,0,1
376019,0,0,0,0,0,0,0,0
376023,0,0,0,0,0,0,0,1
376020,0,0,0,0,0,0,0,0
376069,0,0,0,0,0,0,0,1
376000,0,0,0,0,0,0,0,0
376050,1,1,2,1,0,0,0,0
376068,0,0,0,0,0,0,0,0
376035,1,0,1,0,0,0,0,0
376058,1,1,1,1,0,0,0,0
375971,1,1,2,1,0,0,0,0
376033,0,0,0,0,0,0,0,0
376017,0,0,0,0,0,0,0,0
376032,1,0,1,0,0,0,0,0
375979,1,1,1,1,0,0,0,0
376029,0,0,0,0,0,0,0,0
375989,1,0,0,0,0,0,0,0
376077,0,0,0,0,0,0,0,1
376021,0,0,0,0,0,0,0,0
376028,1,0,0,0,0,0,0,0
375970,1,0,1,0,0,0,0,0
376073,0,0,0,0,0,0,0,0
376059,1,0,1,0,0,0,0,0
375985,1,0,1,0,0,0,0,0
376022,1,0,0,0,0,0,0,0
376030,1,0,1,0,0,0,0,0
375980,1,0,0,0,0,0,0,0
376053,1,0,0,0,0,0,0,0
376101,0,0,0,0,0,0,0,1
376088,0,0,0,0,0,0,0,1
375973,1,1,1,1,0,0,0,0
376060,0,0,0,0,0,0,0,0
375997,1,0,1,0,0,0,0,0
376086,0,0,0,0,0,0,0,1
375993,1,0,2,0,0,0,0,0
375998,1,1,1,1,0,0,0,0
375992,1,0,0,0,0,0,0,0
376024,0,0,0,0,0,0,0,0
375978,1,1,1,1,0,0,0,0
376003,1,1,1,1,0,0,0,0
376076,0,0,0,0,0,0,0,0
376099,1,0,1,0,0,0,0,0
375999,1,0,1,0,0,0,0,0
375976,1,0,1,0,0,0,0,0
375972,1,0,0,0,0,0,0,0
375996,0,0,0,0,0,0,0,0
376107,0,0,0,0,0,0,0,1
376110,0,0,0,0,0,0,0,1
376127,0,0,0,0,0,0,0,1
376100,1,0,0,0,0,0,0,0
375986,1,0,1,0,0,0,0,0
376120,0,0,0,0,0,0,0,0
376134,1,0,0,0,0,0,0,0
375974,1,0,1,0,0,0,0,0
376047,0,0,0,0,0,0,0,1
376001,1,0,2,0,0,0,0,0
376128,1,0,1,0,0,0,0,0
375975,1,0,0,0,0,0,0,0
376037,1,1,8,3,0,0,0,0
376092,1,0,1,0,0,0,0,0
376129,1,1,2,1,0,0,0,0
376137,0,0,0,0,0,0,0,1
376044,0,0,0,0,0,0,0,0
376051,1,0,1,0,0,0,0,0
376025,1,0,0,0,0,0,0,0
376105,0,0,0,0,0,0,0,0
376114,1,0,1,0,0,0,0,0
376096,1,1,1,1,0,0,0,0
376071,1,0,1,0,0,0,0,0
376125,1,0,1,0,0,0,0,0
376144,1,0,1,0,0,0,0,0
376046,1,0,0,0,0,0,0,0
376136,1,0,1,0,0,0,0,0
376130,1,0,1,0,0,0,0,0
376041,0,0,0,0,0,0,0,0
376043,0,0,0,0,0,0,0,0
376038,1,0,1,0,0,0,0,0
376147,0,0,0,0,0,0,0,1
376121,1,0,1,0,0,0,0,0
376093,1,0,0,0,0,0,0,0
376065,1,0,1,0,0,0,0,0
376146,0,0,0,0,0,0,0,0
376116,1,0,1,0,0,0,0,0
376084,1,1,13,7,0,0,0,0
376150,0,0,0,0,0,0,0,1
376078,1,0,0,0,0,0,0,0
376148,1,0,0,0,0,0,0,0
376163,0,0,0,0,0,0,0,1
376090,1,0,1,0,0,0,0,0
376089,1,0,1,0,0,0,0,0
376161,0,0,0,0,0,0,0,1
376176,0,0,0,0,0,0,0,1
376157,0,0,0,0,0,0,0,1
376178,0,0,0,0,0,0,0,1
376169,0,0,0,0,0,0,0,1
376123,1,0,2,0,0,0,0,0
375982,1,0,3,0,0,0,0,0
376006,0,0,0,0,0,0,0,0
376083,1,0,1,0,0,0,0,0
376132,0,0,0,0,0,0,0,0
376141,1,0,1,0,0,0,0,0
376106,1,0,1,0,0,0,0,0
376181,0,0,0,0,0,0,0,1
376045,1,0,1,0,0,0,0,0
376122,1,0,1,0,0,0,0,0
376072,1,0,1,0,0,0,0,0
376008,1,0,1,0,0,0,0,0
376167,0,0,0,0,0,0,0,0
376154,1,0,1,0,0,0,0,0
376179,0,0,0,0,0,0,0,0
376091,1,0,1,0,0,0,0,0
376034,1,1,1,1,0,0,0,0
376177,1,0,1,0,0,0,0,0
376139,1,0,1,0,0,0,0,0
376197,0,0,0,0,0,0,0,1
376042,1,0,1,0,0,0,0,0
376039,1,0,1,0,0,0,0,0
376152,0,0,0,0,0,0,0,0
376012,0,0,0,0,0,0,0,0
376158,1,0,1,0,0,0,0,0
376057,1,1,1,1,0,0,0,0
376075,1,0,1,0,0,0,0,0
376170,0,0,0,0,0,0,0,0
376192,0,0,0,0,0,0,0,0
376183,1,1,1,1,0,0,0,0
376011,1,0,1,0,0,0,0,0
376097,1,0,2,0,0,0,0,0
376005,1,0,0,0,0,0,0,0
376185,1,0,1,0,0,0,0,0
376191,1,0,1,0,0,0,0,0
376190,0,0,0,0,0,0,0,0
376196,0,0,0,0,0,0,0,0
376102,1,1,1,1,0,0,0,0
376007,1,0,1,0,0,0,0,0
376188,0,0,0,0,0,0,0,0
376009,1,0,1,0,0,0,0,0
376195,0,0,0,0,0,0,0,0
376149,1,0,1,0,0,0,0,0
376036,1,1,1,1,1,0,0,0
376198,1,1,1,1,1,0,0,0
376202,1,0,0,0,0,0,0,0
376117,1,0,1,0,0,0,0,0
376143,1,0,1,0,0,0,0,0
376026,1,1,1,1,0,0,0,0
376081,1,0,1,0,0,0,0,0
376173,1,0,1,0,0,0,0,0
376200,1,1,1,1,0,0,0,0
376180,1,0,1,0,0,0,0,0
376208,1,0,1,0,0,0,0,0
376229,0,0,0,0,0,0,0,1
376223,0,0,0,0,0,0,0,1
376165,1,0,1,0,0,1,0,0
376159,1,0,2,0,0,0,0,0
376063,1,0,1,0,0,0,0,0
376199,1,0,1,0,0,1,0,0
376211,0,0,0,0,0,0,0,0
376222,0,0,0,0,0,0,0,0
376239,0,0,0,0,0,0,0,1
376224,1,0,2,0,0,0,0,0
376214,1,0,1,0,0,0,0,0
376142,0,0,0,0,0,0,0,0
376206,1,0,3,0,0,0,0,0
376187,1,0,1,0,0,0,0,0
376203,1,1,1,1,1,0,0,0
376207,1,0,1,0,0,0,0,0
376049,1,1,1,1,0,0,0,0
376080,1,0,1,0,0,0,0,0
376204,1,0,1,0,0,0,0,0
376109,1,0,3,0,0,0,0,0
376255,0,0,0,0,0,0,0,1
376228,1,0,1,0,0,0,0,0
376151,1,1,1,1,0,0,0,0
376236,0,0,0,0,0,0,0,0
376189,1,0,1,0,0,0,0,0
376215,1,0,1,0,0,0,0,0
376233,0,0,0,0,0,0,0,0
376230,0,0,0,0,0,0,0,0
376160,1,0,1,0,0,0,0,0
376241,1,0,1,0,0,0,0,0
375994,1,0,1,0,0,0,0,0
376184,1,0,1,0,0,1,0,0
376242,1,1,1,1,0,0,0,0
376168,1,0,1,0,0,0,0,0
376220,1,0,1,0,0,0,0,0
376252,1,0,0,0,0,0,0,0
376194,1,0,1,0,0,0,0,0
376265,0,0,0,0,0,0,0,1
376253,1,0,1,0,0,0,0,0
376079,1,0,1,0,0,0,0,0
376235,1,0,0,0,0,0,0,0
376240,1,1,1,1,0,0,0,0
376031,1,0,1,0,1,1,0,0
376221,0,0,0,0,0,0,0,0
376262,0,0,0,0,0,0,0,0
376271,0,0,0,0,0,0,0,1
376216,0,0,0,0,0,0,0,0
376182,1,1,3,1,0,0,0,0
376156,1,0,1,0,0,0,0,0
376124,1,0,1,0,0,0,0,0
376246,0,0,0,0,0,0,0,0
376219,1,1,5,5,0,0,0,0
376227,1,1,2,1,0,0,0,0
376249,1,0,0,0,0,0,0,0
376212,1,0,1,0,0,0,0,0
376094,1,0,1,0,0,0,0,0
376260,1,1,1,1,0,0,0,0
376067,1,0,2,0,0,0,0,0
376164,1,0,1,0,0,0,0,0
376131,1,0,1,0,0,0,0,0
376095,1,0,1,0,0,0,0,0
376254,1,1,1,1,0,0,0,0
376292,0,0,0,0,0,0,0,1
376201,1,0,1,0,0,0,0,0
376210,1,0,1,0,0,0,0,0
376257,1,0,1,0,0,0,0,0
376268,0,0,0,0,0,0,0,0
376290,0,0,0,0,0,0,0,0
376287,1,0,1,0,0,0,0,0
376062,1,0,1,0,0,0,0,0
376014,1,0,1,0,0,0,0,0
376285,1,1,1,1,0,0,0,0
376298,1,0,1,0,0,0,0,0
376074,1,0,1,0,0,0,0,0
376259,1,0,2,0,0,0,0,0
376245,1,0,1,0,0,0,0,0
376284,0,0,0,0,0,0,0,0
376288,1,0,1,0,0,0,0,0
376250,1,0,1,0,0,1,0,0
376247,1,1,1,1,0,0,0,0
376316,0,0,0,0,0,0,0,1
376281,0,0,0,0,0,0,0,0
376315,0,0,0,0,0,0,0,1
376175,0,0,0,0,0,0,0,1
376251,1,1,3,1,0,0,0,0
376323,0,0,0,0,0,0,0,1
376064,1,1,2,1,0,0,0,0
376286,1,1,1,1,1,1,0,0
376244,1,0,1,0,0,0,0,0
376052,1,0,1,0,0,0,0,0
376304,1,0,1,0,0,0,0,0
376313,0,0,0,0,0,0,0,0
376296,0,0,0,0,0,0,0,0
376305,1,1,1,1,0,0,0,0
376317,1,0,2,0,0,0,0,0
376261,1,0,1,0,0,0,0,0
376278,1,0,10,0,0,0,0,0
376103,1,0,1,0,0,0,0,0
376314,0,0,0,0,0,0,0,0
376140,1,0,1,0,0,0,0,0
376312,1,1,1,1,0,0,0,0
376066,1,1,1,1,0,0,0,0
376326,1,0,1,0,0,0,0,0
376320,1,0,2,0,0,0,0,0
376311,1,0,3,0,0,0,0,0
376337,0,0,0,0,0,0,0,1
376276,1,0,1,0,0,0,0,0
376297,1,0,1,0,1,1,0,0
376332,1,0,2,0,0,0,0,0
376327,1,0,1,0,0,0,0,0
376270,1,0,1,0,0,0,0,0
376135,1,1,4,1,0,0,0,0
376279,1,1,1,1,0,0,0,0
376010,1,0,1,0,0,0,0,0
376289,1,0,1,0,0,0,0,0
376264,1,0,1,0,0,0,0,0
376277,1,0,1,0,0,0,0,0
376330,0,0,0,0,0,0,0,0
376291,1,1,3,1,0,0,0,0
376283,1,1,1,1,0,0,0,0
376328,0,0,0,0,0,0,0,0
376335,1,0,1,0,0,0,0,0
376343,0,0,0,0,0,0,0,0
376331,0,0,0,0,0,0,0,0
376334,0,0,0,0,0,0,0,0
376340,1,0,1,0,0,0,0,0
376166,1,0,5,0,0,0,0,0
376087,1,0,4,0,0,0,0,0
376082,1,0,1,0,0,0,0,0
376345,1,0,0,0,0,0,0,0
376308,1,0,1,0,0,0,0,0
376303,1,0,1,0,0,0,0,0
376333,1,1,1,1,0,0,0,0
376269,1,0,1,0,0,0,0,0
376344,1,0,9,0,0,0,0,0
376153,1,0,2,0,0,0,0,0
376104,1,0,2,0,0,0,0,0
376300,1,0,1,0,0,0,0,0
376258,1,1,2,1,0,0,0,0
376310,1,0,0,0,0,0,0,0
375995,1,0,10,0,0,0,0,0
376280,1,0,0,0,0,0,0,0
376205,1,0,1,0,0,0,0,0
376346,1,0,1,0,0,0,0,0
376295,1,0,1,0,0,0,0,0
376347,1,0,1,0,0,0,0,0
376301,0,0,0,0,0,0,0,0
376234,1,0,1,0,0,0,0,0
376266,1,0,1,0,0,0,0,0
376339,1,1,1,1,0,0,0,0
376272,1,0,1,0,0,0,0,0
376336,1,0,2,0,0,0,0,0
375983,1,1,5,3,1,0,0,0
376055,1,1,2,1,0,0,0,0
376040,1,0,1,0,0,0,0,0
376321,1,1,2,1,0,0,0,0
376226,1,0,6,0,0,0,0,0
376243,1,0,1,0,0,0,0,0
376213,1,1,1,1,0,0,0,0
375981,1,1,3,3,0,0,0,0
376085,1,0,1,0,0,0,0,0
376322,1,0,1,0,0,0,0,0
376048,1,0,1,0,0,0,0,0
376341,1,0,1,0,0,0,0,0
376231,1,0,1,0,0,0,0,0
376248,1,1,1,1,0,0,0,0
376282,1,0,11,0,0,0,0,0
376218,1,0,1,0,0,0,0,0
376306,1,1,1,1,0,0,0,0
376111,1,0,4,0,0,0,0,0
376172,1,1,4,3,0,0,0,0
376274,1,0,1,0,0,0,0,0
376113,1,0,3,0,0,0,0,0
376319,1,0,1,0,0,1,0,0
376108,1,1,2,1,0,1,0,0
376299,1,0,1,0,0,0,0,0
376342,1,0,1,0,0,0,0,0
376145,1,1,4,1,0,0,0,0
376273,1,1,1,1,0,0,0,0
376294,1,0,2,0,0,0,0,0
376119,1,0,1,0,0,0,0,0
376098,1,0,10,0,0,0,0,0
376302,1,0,1,0,0,0,0,0
376112,1,0,1,0,0,0,0,0
376193,1,0,1,0,0,0,0,0
376329,1,0,1,0,0,0,0,0
376013,1,0,2,0,0,0,0,0
376225,1,0,0,0,0,0,0,0
376293,1,1,1,1,0,0,0,0
376118,1,0,10,0,0,0,0,0
376338,1,1,5,2,0,0,0,0
376209,1,1,6,3,0,1,0,0
376307,1,0,2,0,0,0,0,0
376309,1,0,3,0,0,0,0,0
376263,1,1,1,1,0,0,0,0
376070,1,1,1,1,0,0,0,0
376004,1,1,4,3,0,0,0,0
376318,1,1,1,1,0,0,0,0
376061,1,1,48,10,1,1,0,0
376237,1,1,10,4,0,0,0,0
376186,1,0,7,0,0,0,0,0
376126,1,1,8,2,0,1,0,0
376238,1,1,4,1,0,0,0,0
376171,1,1,1,1,0,0,0,0
376002,1,0,1,0,0,0,0,0
376138,1,0,2,0,0,0,0,0
374886,1,1,3,1,0,0,0,0
376324,1,1,1,1,0,0,0,0
376155,1,1,3,1,1,0,0,0
376174,1,1,3,1,0,0,0,0
376781,0,0,0,0,0,0,0,1
376817,0,0,0,0,0,0,0,1
376796,0,0,0,0,0,0,0,1
376731,1,0,1,0,0,0,0,0
376737,1,0,0,0,0,0,0,0
376734,0,0,0,0,0,0,0,1
376785,0,0,0,0,0,0,0,1
376840,0,0,0,0,0,0,0,1
376798,0,0,0,0,0,0,0,0
376838,0,0,0,0,0,0,0,1
376800,0,0,0,0,0,0,0,0
376836,0,0,0,0,0,0,0,1
376779,1,0,0,0,0,0,0,0
376797,1,0,1,0,0,0,0,0
376736,0,0,0,0,0,0,0,0
376783,0,0,0,0,0,0,0,0
376802,0,0,0,0,0,0,0,0
376761,1,0,1,0,0,0,0,0
376799,1,0,0,0,0,0,0,0
376735,1,0,3,0,0,0,0,0
376780,1,1,1,1,0,0,0,0
376806,1,1,1,1,0,0,0,0
376772,1,0,1,0,0,0,0,0
376763,1,0,1,0,0,0,0,0
376776,1,1,4,4,0,0,0,0
376733,1,0,0,0,0,0,0,0
376778,1,0,3,0,0,0,0,0
376770,1,0,1,0,0,0,0,0
376822,1,0,1,0,0,0,0,0
376826,1,1,99,4,0,0,0,0
376843,1,0,1,0,0,0,0,0
376782,1,0,0,0,0,0,0,0
376765,1,0,1,0,0,0,0,0
376775,1,0,1,0,0,0,0,0
376771,1,0,1,0,0,0,0,0
376773,1,0,1,0,0,0,0,0
376862,0,0,0,0,0,0,0,1
376774,1,0,1,0,0,0,0,0
376871,0,0,0,0,0,0,0,1
376830,0,0,0,0,0,0,0,0
376809,1,0,1,0,0,0,0,0
376794,1,1,1,1,0,0,0,0
376766,0,0,0,0,0,0,0,0
376732,1,0,1,0,0,0,0,0
376864,1,0,0,0,0,0,0,0
376860,1,0,1,0,0,0,0,0
376738,1,1,1,1,0,0,0,0
376857,0,0,0,0,0,0,0,0
376856,1,0,1,0,0,0,0,0
376814,1,0,1,0,0,0,0,0
376854,1,0,1,0,0,0,0,0
376791,1,1,4,3,0,0,0,0
376815,1,0,1,0,0,0,0,0
376784,0,0,0,0,0,0,0,0
376845,1,0,1,0,0,0,0,0
376787,1,0,1,0,0,0,0,0
376881,1,0,1,0,0,0,0,0
376850,1,1,1,1,1,0,0,0
376869,0,0,0,0,0,0,0,0
376742,1,0,0,0,0,0,0,0
376882,1,0,1,0,0,0,0,0
376828,1,0,1,0,0,0,0,0
376769,1,0,1,0,0,0,0,0
376793,1,1,4,1,0,0,0,0
376886,1,0,1,0,0,0,0,0
376880,1,0,1,0,0,0,0,0
376867,0,0,0,0,0,0,0,0
376848,1,0,1,0,0,0,0,0
376837,1,0,1,0,0,0,0,0
376812,1,1,1,1,0,0,0,0
376820,1,1,69,2,0,0,0,0
376746,1,1,3,3,0,0,0,0
376853,1,1,2,1,0,0,0,0
376750,1,0,2,0,0,0,0,0
376863,0,0,0,0,0,0,0,0
376767,1,0,1,0,0,0,0,0
376846,1,1,1,1,0,0,0,0
376749,1,0,1,0,0,0,0,0
376878,1,0,0,0,0,0,0,0
376879,1,0,1,0,0,0,0,0
376839,1,0,2,0,0,0,0,0
376896,1,0,1,0,0,0,0,0
376823,1,0,1,0,0,0,0,0
376868,1,0,2,0,0,0,0,0
376855,1,0,2,0,0,0,0,0
376824,1,0,1,0,0,0,0,0
376897,1,0,1,0,0,0,0,0
376743,1,0,1,0,0,0,0,0
376844,1,0,1,0,0,0,0,0
376816,1,1,1,1,0,0,0,0
376870,1,0,1,0,0,0,0,0
376821,1,1,1,1,0,0,0,0
376872,1,0,1,0,0,0,0,0
376907,1,0,1,0,0,0,0,0
376889,1,0,1,0,0,0,0,0
376851,1,0,1,0,0,0,0,0
376902,1,0,1,0,0,0,0,0
376788,1,0,2,0,0,0,0,0
376745,1,0,14,0,0,0,0,0
376753,0,0,0,0,0,0,0,0
376803,1,0,3,0,0,0,0,0
376835,1,0,1,0,0,0,0,0
376865,1,0,2,0,0,0,0,0
376832,1,0,1,0,0,0,0,0
376909,1,0,1,0,0,0,0,0
376876,1,0,1,0,0,0,0,0
376827,1,1,1,1,0,0,0,0
376899,1,0,0,0,0,0,0,0
376883,1,0,1,0,0,0,0,0
376939,0,0,0,0,0,0,0,1
376912,1,0,0,0,0,0,0,0
376818,1,1,1664,21,0,0,0,0
376914,1,0,1,0,0,0,0,0
376892,0,0,0,0,0,0,0,0
376944,0,0,0,0,0,0,0,1
376833,1,0,2,0,0,0,0,0
376790,1,1,11,2,0,0,0,0
376810,1,0,1,0,0,0,0,0
376829,1,0,11,0,0,0,0,0
376893,1,1,13,1,0,0,0,0
376930,1,0,0,0,0,0,0,0
376940,1,0,2,0,0,0,0,0
376813,1,1,3,1,0,0,0,0
376928,1,0,1,0,0,0,0,0
376927,1,0,1,0,0,0,0,0
376938,1,0,0,0,0,0,0,0
376920,1,1,2,2,0,0,0,0
376811,1,0,1,0,0,0,0,0
376904,1,1,1,1,0,0,0,0
376936,1,0,1,0,0,0,0,0
376890,1,1,1,1,0,0,0,0
376921,1,0,1,0,0,0,0,0
376960,0,0,0,0,0,0,0,1
376941,1,0,1,0,0,0,0,0
376918,1,0,1,0,0,0,0,0
376946,1,1,1,1,0,0,0,0
376755,1,0,1,0,0,0,0,0
376901,1,0,2,0,0,0,0,0
376937,1,1,10,9,0,0,0,0
376841,1,1,4,3,0,0,0,0
376756,1,1,1,1,0,0,0,0
376922,1,0,1,0,0,0,0,0
376730,1,1,2,2,0,0,0,0
376849,1,0,1,0,0,0,0,0
376926,1,0,1,0,0,0,0,0
376958,1,1,1,1,0,0,0,0
376768,1,1,4,3,1,0,0,0
376931,1,0,1,0,0,0,0,0
376740,1,1,5,1,0,0,0,0
376162,1,1,14,3,0,0,0,0
376758,1,0,1,0,0,0,0,0
376949,1,1,1,1,0,0,0,0
376985,0,0,0,0,0,0,0,1
376969,0,0,0,0,0,0,0,0
376819,1,0,1,0,0,0,0,0
376984,0,0,0,0,0,0,0,1
376968,1,0,3,0,0,0,0,0
376754,1,0,1,0,0,0,0,0
376954,1,1,1,1,1,0,0,0
376957,0,0,0,0,0,0,0,0
376916,1,0,1,0,0,0,0,0
376987,0,0,0,0,0,0,0,1
376795,1,1,4,2,0,0,0,0
376924,1,1,1,1,0,0,0,0
376934,1,0,1,0,0,0,0,0
376741,1,0,1,0,0,0,0,0
376919,1,1,3,2,0,0,0,0
376956,1,0,1,0,0,0,0,0
376952,1,1,2,1,0,0,0,0
376915,1,0,1,0,0,0,0,0
376825,1,0,1,0,0,0,0,0
376962,1,0,1,0,0,0,0,0
376970,1,0,1,0,0,0,0,0
376997,1,0,1,0,0,0,0,0
376993,1,0,1,0,0,0,0,0
376877,1,0,0,0,0,0,0,0
376988,1,0,0,0,0,0,0,0
376977,1,0,1,0,0,0,0,0
376859,1,0,4,0,0,0,0,0
376739,1,0,6,0,0,0,0,0
376951,0,0,0,0,0,0,0,0
377003,1,0,1,0,0,0,0,0
377015,0,0,0,0,0,0,0,1
376999,1,0,2,0,0,0,0,0
377016,0,0,0,0,0,0,0,1
376953,0,0,0,0,0,0,0,0
376760,1,1,2,1,1,1,0,0
376964,1,0,1,0,0,0,0,0
376894,1,1,3,1,0,0,0,0
376982,1,0,1,0,0,0,0,0
377021,0,0,0,0,0,0,0,1
376906,1,0,1,0,0,0,0,0
376885,1,0,1,0,0,0,0,0
376903,0,0,0,0,0,0,0,0
377011,1,0,1,0,0,0,0,0
376965,1,0,1,0,0,0,0,0
376874,1,1,1,1,0,0,0,0
376054,1,1,5,2,0,0,0,0
376959,1,0,1,0,0,0,0,0
376992,1,0,0,0,0,0,0,0
376910,1,0,0,0,0,0,0,0
376726,1,0,1,0,0,0,0,0
377014,0,0,0,0,0,0,0,0
376963,1,0,2,0,0,0,0,0
376976,1,1,24,1,0,0,0,0
377019,1,1,1,1,0,0,0,0
377029,1,1,1,1,0,0,0,0
376971,1,1,1,1,0,0,0,0
376973,1,0,0,0,0,0,0,0
376911,1,0,1,0,0,0,0,0
376908,1,1,5,2,0,0,0,0
377042,0,0,0,0,0,0,0,1
376935,1,1,1,1,0,0,0,0
377028,1,1,1,1,0,0,0,0
377001,1,0,0,0,0,0,0,0
376942,1,1,1,1,0,0,0,0
376998,1,1,1,1,0,0,0,0
376990,1,0,1,0,0,0,0,0
376777,1,0,5,0,0,0,0,0
377050,0,0,0,0,0,0,0,1
376831,1,1,69,2,0,0,0,0
376995,1,1,1,1,0,0,0,0
377027,1,0,1,0,0,0,0,0
377024,1,0,1,0,0,0,0,0
377045,1,1,2,1,0,0,0,0
377064,0,0,0,0,0,0,0,1
377055,0,0,0,0,0,0,0,1
377038,1,1,1,1,0,0,0,0
377058,1,1,3,1,0,0,0,0
376873,1,0,1,0,0,0,0,0
377010,1,0,0,0,0,0,0,0
377037,1,1,1,1,0,0,0,0
376961,1,0,1,0,0,0,0,0
377004,1,1,3,1,0,0,0,0
377008,1,1,5,4,0,0,0,0
377053,1,1,1,1,0,0,0,0
377066,1,1,1,1,0,0,0,0
377062,1,0,1,0,0,0,0,0
377072,0,0,0,0,0,0,0,0
377056,1,0,1,0,0,0,0,0
377079,1,0,0,0,0,0,0,0
376905,1,1,5,4,0,0,0,0
377033,1,0,0,0,0,0,0,0
376786,1,0,1,0,0,0,0,0
377052,1,0,1,0,0,0,0,0
377060,1,0,1,0,0,0,0,0
376979,1,1,1,1,1,0,0,0
377077,1,1,18,15,0,0,0,0
377075,1,0,1,0,0,0,0,0
377063,1,0,1,0,0,0,0,0
377070,1,0,1,0,0,0,0,0
376932,0,0,0,0,0,0,0,0
377084,1,0,1,0,0,0,0,0
376900,1,1,1,1,0,0,0,0
377057,1,1,1,1,0,0,0,0
377090,0,0,0,0,0,0,0,1
377074,0,0,0,0,0,0,0,0
377009,1,0,1,0,0,0,0,0
377068,1,1,1,1,0,0,0,0
376989,1,0,1,0,0,0,0,0
377002,0,0,0,0,0,0,0,0
377034,1,0,1,0,0,0,0,0
377000,1,0,1,0,0,0,0,0
377054,1,0,1,0,0,0,0,0
377039,1,0,1,0,1,1,0,0
377099,0,0,0,0,0,0,0,1
377025,1,1,1,1,0,0,0,0
376913,1,0,12,0,0,0,0,0
377078,1,0,1,0,0,0,0,0
377049,1,1,1,1,0,0,0,0
377006,1,0,1,0,0,0,0,0
377101,1,0,1,0,0,0,0,0
377091,1,0,8,0,0,0,0,0
377082,1,0,1,0,0,1,0,0
377085,1,0,1,0,0,0,0,0
377081,1,0,0,0,0,0,0,0
376744,1,0,1,0,0,0,0,0
377026,1,0,1,0,0,0,0,0
377043,1,0,1,0,0,0,0,0
376759,1,0,0,0,0,0,0,0
377023,1,0,7,0,0,0,0,0
377088,1,1,17,9,0,0,0,0
376991,1,0,8,0,0,0,0,0
376947,1,1,2,1,0,0,0,0
377073,1,0,1,0,0,0,0,0
377061,1,1,4,3,0,0,0,0
377087,1,1,1,1,0,0,0,0
377102,1,1,16,8,0,0,0,0
377030,1,0,1,0,0,0,0,0
377059,1,1,1,1,0,0,0,0
377047,1,0,1,0,0,0,0,0
377044,1,0,1,0,0,0,0,0
377100,1,0,1,0,0,0,0,0
376729,1,0,0,0,0,0,0,0
377071,1,0,1,0,0,0,0,0
377097,1,0,1,0,0,0,0,0
377095,1,0,1,0,0,0,0,0
377031,1,0,1,0,0,0,0,0
376966,1,0,1,0,0,0,0,0
377098,1,1,1,1,0,0,0,0
377089,1,0,0,0,0,0,0,0
377093,1,0,1,0,0,0,0,0
377103,1,0,1,0,0,0,0,0
377005,1,0,1,0,0,0,0,0
377035,1,1,4,2,0,0,0,0
376955,1,0,2,0,0,0,0,0
376728,1,0,0,0,0,0,0,0
376945,0,0,0,0,0,0,0,0
377017,1,1,11,11,0,1,0,0
376861,1,1,2,1,0,1,0,0
377094,1,1,5,5,0,0,0,0
377046,1,0,1,0,0,0,0,0
376747,1,0,0,0,0,0,0,0
376757,1,0,6,0,0,0,0,0
377020,1,0,0,0,0,0,0,0
377032,1,1,1,1,0,0,0,0
377096,1,0,3,0,0,0,0,0
376875,1,0,4,0,0,0,0,0
376981,1,0,1,0,0,0,0,0
376975,0,0,0,0,0,0,0,0
376891,0,0,0,0,0,0,0,0
376967,1,0,1,0,0,0,0,0
376925,1,0,7,0,0,0,0,0
376996,1,1,5,1,0,1,0,0
376847,1,1,4,1,0,0,0,0
377041,1,0,7,0,0,0,0,0
376980,1,0,1,0,0,0,0,0
376950,1,0,1,0,0,0,0,0
376884,1,0,5,0,1,1,0,0
375984,1,1,5,1,0,0,0,0
377069,1,1,15,6,1,1,0,0
377013,1,0,4,0,0,0,0,0
377007,1,0,1,0,0,0,0,0
377048,0,0,0,0,0,0,0,0
377080,1,0,0,0,0,0,0,0
377092,1,1,1,1,0,0,0,0
376948,1,1,3,1,0,0,0,0
376986,0,0,0,0,0,0,0,0
377067,1,0,1,0,0,0,0,0
376808,1,1,4,2,0,0,0,0
376792,1,1,3,1,0,0,0,0
376943,0,0,0,0,0,0,0,0
376752,1,0,1,0,0,0,0,0
376801,1,0,1,0,0,0,0,0
376805,1,1,16,14,0,0,0,0
377083,1,0,1,0,0,0,0,0
376866,1,1,3,3,0,0,0,0
377036,1,1,4,1,0,0,0,0
376978,1,0,1,0,0,0,0,0
376804,1,1,8,2,0,0,0,0
376858,1,1,13,9,0,1,0,0
377065,1,1,1,1,0,0,0,0
377018,1,1,16,14,0,0,0,0
374848,1,1,20,1,0,0,0,0
376842,1,1,9,3,0,0,0,0
376887,1,0,1,0,1,1,0,0
376275,1,0,6,0,0,0,0,0
376807,1,1,2,1,0,0,0,0
376983,1,0,5,0,0,0,0,0
377051,1,1,1,1,0,0,0,0
376852,1,1,1,1,0,0,0,0
376789,1,1,20,2,0,0,0,0
376917,1,1,10,1,0,0,0,0
377086,1,1,3,2,0,0,0,0
376727,1,1,43,16,0,0,0,0
376923,1,0,48,0,0,0,0,0
376929,1,1,8,1,0,0,0,0
376267,1,1,2,2,0,0,0,0
376972,1,0,27,0,0,0,0,0
377040,1,0,1,0,0,0,0,0
376888,1,0,0,0,0,0,0,0
376974,1,0,1,0,0,0,0,0
376232,1,1,9,2,0,0,0,0
377012,1,0,12,0,0,0,0,0
376764,1,1,25,7,0,0,0,0
376898,1,0,10,0,0,0,0,0
376256,1,1,64,45,0,0,0,0
376834,1,1,18,9,0,0,0,0
376748,1,0,2,0,0,0,0,0
376895,1,1,60,27,0,0,0,0
376133,1,1,75,12,0,0,0,0
376762,1,1,1,1,0,0,0,0
377022,1,0,1,0,1,1,0,0
376994,1,1,4,1,0,0,0,0
377076,1,0,1,0,0,0,0,0
368925,1,1,79,57,0,0,0,0
374876,1,1,15,7,0,0,0,0
367199,1,1,423,205,0,0,0,0
376933,1,1,133,4,1,0,0,0
369038,1,1,65,51,0,0,0,0
376016,1,1,25,16,0,0,0,0
372274,1,1,18,15,0,0,0,0
376217,1,1,243,31,1,0,0,0
377563,0,0,0,0,0,0,0,1
377504,0,0,0,0,0,0,0,1
377635,0,0,0,0,0,0,0,1
377500,0,0,0,0,0,0,0,1
377638,0,0,0,0,0,0,0,1
377493,0,0,0,0,0,0,0,1
377557,0,0,0,0,0,0,0,1
377611,0,0,0,0,0,0,0,1
377600,0,0,0,0,0,0,0,1
377641,0,0,0,0,0,0,0,1
377577,0,0,0,0,0,0,0,1
377651,0,0,0,0,0,0,0,1
377508,0,0,0,0,0,0,0,0
377636,1,0,1,0,0,0,0,0
377525,0,0,0,0,0,0,0,0
377617,1,0,3,0,0,0,0,0
377520,0,0,0,0,0,0,0,0
377559,1,1,4,1,0,0,0,0
377561,1,0,1,0,0,0,0,0
377523,1,0,1,0,0,0,0,0
377581,1,0,2,0,0,0,0,0
377552,1,0,0,0,0,0,0,0
377567,1,0,1,0,0,0,0,0
377576,0,0,0,0,0,0,0,0
377589,1,1,1,1,0,0,0,0
377654,0,0,0,0,0,0,0,1
377540,1,0,0,0,0,0,0,0
377560,1,1,1,1,0,0,0,0
377643,0,0,0,0,0,0,0,0
377616,1,1,1,1,0,0,0,0
377578,1,1,1,1,0,0,0,0
377640,1,0,1,0,0,0,0,0
377642,1,0,3,0,0,0,0,0
377597,1,0,0,0,0,0,0,0
377622,1,0,1,0,0,0,0,0
377595,0,0,0,0,0,0,0,0
377512,1,0,1,0,0,0,0,0
377580,1,0,1,0,0,0,0,0
377614,1,0,0,0,0,0,0,0
377666,1,0,2,0,0,0,0,0
377522,1,0,0,0,0,0,0,0
377526,0,0,0,0,0,0,0,0
377494,1,0,0,0,0,0,0,0
377517,1,0,1,0,0,0,0,0
377495,1,0,0,0,0,0,0,0
377572,0,0,0,0,0,0,0,0
377496,0,0,0,0,0,0,0,0
377590,0,0,0,0,0,0,0,0
377632,1,1,2,2,0,0,0,0
377565,1,1,1,1,0,0,0,0
377652,1,0,0,0,0,0,0,0
377506,1,0,0,0,0,0,0,0
377532,0,0,0,0,0,0,0,1
377620,1,1,1,1,0,0,0,0
377547,1,0,1,0,0,0,0,0
377505,1,0,1,0,0,0,0,0
377610,1,0,1,0,0,0,0,0
377596,1,0,1,0,0,0,0,0
377664,1,0,1,0,0,0,0,0
377510,0,0,0,0,0,0,0,0
377645,1,0,1,0,0,0,0,0
377586,1,1,1,1,0,0,0,0
377672,0,0,0,0,0,0,0,1
377482,0,0,0,0,0,0,0,1
377483,0,0,0,0,0,0,0,1
377584,1,1,1,1,0,0,0,0
377618,1,1,1,1,1,0,0,0
377653,1,1,2,1,0,0,0,0
377599,1,0,1,0,0,0,0,0
377639,1,1,1,1,0,0,0,0
377656,1,0,1,0,0,0,0,0
377613,1,1,1,1,0,0,0,0
377657,1,1,2,2,0,0,0,0
377647,1,0,1,0,0,0,0,0
377536,1,0,1,0,0,0,0,0
377575,1,0,1,0,0,0,0,0
377659,1,0,1,0,0,0,0,0
377513,1,0,1,0,0,0,0,0
377682,1,0,1,0,0,0,0,0
377529,1,1,1,1,0,0,0,0
377667,1,0,1,0,0,0,0,0
377498,0,0,0,0,0,0,0,0
377492,1,0,0,0,0,0,0,0
377678,1,1,1,1,0,0,0,0
377722,0,0,0,0,0,0,0,1
377601,1,1,2,1,0,0,0,0
377704,0,0,0,0,0,0,0,1
377533,1,0,0,0,0,0,0,0
377663,1,0,1,0,0,0,0,0
377665,0,0,0,0,0,0,0,0
377719,0,0,0,0,0,0,0,0
377648,1,0,0,0,0,0,0,0
377683,0,0,0,0,0,0,0,0
377628,1,0,2,0,0,0,0,0
377728,0,0,0,0,0,0,0,1
377594,1,1,3,1,0,0,0,0
377569,1,0,1,0,0,0,0,0
377691,1,0,1,0,0,0,0,0
377710,1,0,0,0,0,0,0,0
377558,1,0,1,0,0,0,0,0
377700,1,0,1,0,0,0,0,0
377731,0,0,0,0,0,0,0,1
377705,1,0,1,0,0,0,0,0
377582,1,0,1,0,0,0,0,0
377489,1,0,0,0,0,0,0,0
377696,1,0,0,0,0,0,0,0
377741,0,0,0,0,0,0,0,1
377669,1,1,3,3,0,0,0,0
377570,1,0,2,0,0,0,0,0
377714,1,1,1,1,0,0,0,0
377562,1,0,1,0,0,0,0,0
377573,1,1,4,3,0,0,0,0
377718,1,0,0,0,0,0,0,0
377703,0,0,0,0,0,0,0,0
377702,0,0,0,0,0,0,0,0
377528,1,0,1,0,0,0,0,0
377564,1,1,1,1,0,0,0,0
377724,1,0,1,0,0,0,0,0
377708,1,0,3,0,0,0,0,0
377730,1,0,0,0,0,0,0,0
377706,1,0,1,0,0,0,0,0
377631,1,0,1,0,0,0,0,0
377707,1,1,1,1,0,0,0,0
377739,1,0,1,0,0,0,0,0
377712,0,0,0,0,0,0,0,0
377670,1,0,1,0,0,0,0,0
377761,0,0,0,0,0,0,0,1
377698,0,0,0,0,0,0,0,0
377541,1,0,1,0,0,1,0,0
377543,0,0,0,0,0,0,0,0
377768,0,0,0,0,0,0,0,1
377723,1,0,1,0,0,0,0,0
377538,1,0,1,0,0,0,0,0
377763,0,0,0,0,0,0,0,1
377746,1,0,1,0,0,0,0,0
377751,1,1,1,1,0,0,0,0
377727,1,0,2,0,0,0,0,0
377486,1,0,1,0,0,0,0,0
377637,1,0,1,0,0,0,0,0
377524,1,0,2,0,0,0,0,0
377762,1,0,4,0,0,0,0,0
377681,1,0,1,0,0,0,0,0
377593,1,1,2,1,0,0,0,0
377767,0,0,0,0,0,0,0,0
377729,1,0,1,0,0,0,0,0
377769,1,0,1,0,0,0,0,0
377772,1,0,0,0,0,0,0,0
377736,1,0,1,0,0,0,0,0
377685,1,0,1,0,0,0,0,0
377764,0,0,0,0,0,0,0,0
377626,1,0,0,0,0,0,0,0
377519,1,1,1,1,1,0,0,0
377759,1,0,1,0,0,0,0,0
377530,1,0,1,0,0,0,0,0
377732,0,0,0,0,0,0,0,0
377709,1,0,2,0,0,0,0,0
377608,1,0,1,0,0,0,0,0
377776,1,0,1,0,0,0,0,0
377606,1,0,1,0,0,0,0,0
377545,1,1,1,1,0,0,0,0
377537,1,0,1,0,0,0,0,0
377754,1,1,5,1,0,0,0,0
377780,1,0,1,0,0,0,0,0
377649,1,0,1,0,0,0,0,0
377766,0,0,0,0,0,0,0,0
377808,0,0,0,0,0,0,0,1
377734,1,1,1,1,1,0,0,0
377785,1,0,1,0,0,0,0,0
377603,1,0,2,0,0,0,0,0
377740,1,0,0,0,0,0,0,0
377583,1,0,6,0,0,0,0,0
377777,0,0,0,0,0,0,0,0
377612,1,0,1,0,0,0,0,0
377487,1,1,1,1,0,0,0,0
377680,1,0,0,0,0,0,0,0
377549,1,0,1,0,0,0,0,0
377735,1,0,1,0,0,1,0,0
377821,0,0,0,0,0,0,0,1
377786,1,0,1,0,0,0,0,0
377747,1,0,0,0,0,0,0,0
377801,1,0,0,0,0,0,0,0
377674,1,0,1,0,0,0,0,0
377748,1,0,1,0,0,0,0,0
377812,0,0,0,0,0,0,0,1
377697,1,1,1,1,0,0,0,0
377721,1,0,0,0,0,0,0,0
377774,1,0,1,0,0,0,0,0
377829,0,0,0,0,0,0,0,1
377834,0,0,0,0,0,0,0,1
377502,1,1,8,4,0,0,0,0
377753,1,0,2,0,0,0,0,0
377684,1,0,1,0,0,0,0,0
377675,1,0,1,0,0,0,0,0
377790,1,1,1,1,0,0,0,0
377501,1,1,1,1,1,1,0,0
377811,0,0,0,0,0,0,0,0
377485,1,0,1,0,0,0,0,0
377690,1,0,1,0,0,1,0,0
377554,1,1,1,1,0,0,0,0
377661,1,0,2,0,0,0,0,0
377840,0,0,0,0,0,0,0,1
377841,0,0,0,0,0,0,0,1
377527,1,0,1,0,0,0,0,0
377744,1,0,1,0,0,0,0,0
377826,1,0,1,0,0,0,0,0
377818,1,0,1,0,0,0,0,0
377546,1,1,2,2,0,1,0,0
377488,1,0,1,0,0,0,0,0
377813,1,0,1,0,1,1,0,0
377804,1,1,1,1,0,0,0,0
377819,1,0,1,0,0,0,0,0
377781,1,0,2,0,0,0,0,0
377839,1,0,0,0,0,0,0,0
377809,1,0,1,0,0,0,0,0
377750,1,0,6,0,0,0,0,0
377824,1,0,0,0,0,0,0,0
377802,0,0,0,0,0,0,0,0
377833,0,0,0,0,0,0,0,0
377688,1,0,1,0,0,0,0,0
377832,0,0,0,0,0,0,0,0
377796,1,0,1,0,0,0,0,0
377782,1,1,1,1,0,0,0,0
377836,1,0,1,0,0,0,0,0
377743,1,1,1,1,0,0,0,0
377726,1,0,1,0,0,0,0,0
377757,1,0,1,0,0,0,0,0
377770,1,1,2,1,0,0,0,0
377805,1,0,1,0,0,0,0,0
377791,1,0,1,0,0,0,0,0
377820,1,0,0,0,0,0,0,0
377553,1,1,1,1,0,0,0,0
377838,1,0,0,0,0,0,0,0
377671,1,1,1,1,1,0,0,0
377602,1,1,1,1,0,0,0,0
377699,1,0,1,0,0,0,0,0
377771,1,0,1,0,0,0,0,0
377668,1,0,4,0,0,0,0,0
377843,1,1,1,1,0,0,0,0
377515,1,0,1,0,0,1,0,0
377806,1,1,7,1,0,0,0,0
377847,1,0,0,0,0,0,0,0
377851,1,0,1,0,0,0,0,0
377646,1,0,2,0,0,1,0,0
377848,1,1,2,1,0,0,0,0
377758,1,1,1,1,0,0,0,0
377854,1,0,2,0,0,0,0,0
377831,1,0,1,0,0,0,0,0
377857,0,0,0,0,0,0,0,0
377742,1,0,1,0,0,0,0,0
377852,0,0,0,0,0,0,0,0
377497,1,0,0,0,0,0,0,0
377795,1,1,1,1,0,0,0,0
377749,1,1,2,1,0,1,0,0
377845,1,0,1,0,0,0,0,0
377797,1,1,1,1,0,0,0,0
377859,1,0,1,0,0,0,0,0
377677,1,0,1,0,0,0,0,0
377830,1,1,2,2,0,0,0,0
377585,1,0,0,0,0,0,0,0
377531,1,0,1,0,0,0,0,0
377756,1,0,1,0,0,0,0,0
377798,1,0,0,0,0,0,0,0
377717,1,0,7,0,0,0,0,0
377858,1,0,1,0,0,0,0,0
377676,1,1,1,1,0,0,0,0
377844,1,0,1,0,0,0,0,0
377853,1,1,1,1,0,0,0,0
377823,1,1,2,1,0,0,0,0
377644,1,1,2,2,0,0,0,0
377624,1,1,6,1,0,0,0,0
377625,1,1,2,1,0,0,0,0
377701,1,0,1,0,0,0,0,0
377817,1,0,1,0,0,0,0,0
377800,1,0,1,0,0,0,0,0
377539,1,0,1,0,0,0,0,0
377789,1,1,1,1,0,0,0,0
377544,1,0,1,0,0,0,0,0
377598,1,1,12,1,0,0,0,0
377542,1,0,1,0,0,1,0,0
377850,1,0,1,0,0,0,0,0
377835,1,0,2,0,0,0,0,0
377827,1,0,2,0,0,0,0,0
377733,1,0,0,0,0,0,0,0
377803,1,1,1,1,0,0,0,0
377687,1,0,2,0,0,0,0,0
377822,1,0,1,0,0,0,0,0
377765,1,1,1,1,0,0,0,0
377695,1,1,1,1,0,0,0,0
377737,1,0,1,0,0,1,0,0
377815,1,0,1,0,0,0,0,0
377825,1,0,1,0,0,0,0,0
377662,1,0,1,0,0,0,0,0
377650,1,0,1,0,0,0,0,0
377534,1,1,2,1,0,0,0,0
377849,1,0,1,0,0,0,0,0
377591,1,1,10,8,0,0,0,0
377629,1,0,1,0,0,0,0,0
377837,1,0,0,0,0,0,0,0
377755,1,0,1,0,0,0,0,0
377856,0,0,0,0,0,0,0,0
377846,1,1,4,2,0,0,0,0
377713,1,0,1,0,0,0,0,0
377609,1,0,3,0,0,0,0,0
377490,1,0,3,0,0,1,0,0
377807,1,1,9,5,0,0,0,0
377660,1,0,2,0,0,0,0,0
377689,1,1,1,1,0,0,0,0
377634,1,1,6,2,0,0,0,0
377725,1,1,1,1,0,0,0,0
377842,1,1,7,1,0,0,0,0
377773,1,0,1,0,0,0,0,0
377686,1,0,8,0,0,0,0,0
377793,1,0,1,0,0,0,0,0
377814,1,0,1,0,0,0,0,0
377535,1,1,3,2,0,0,0,0
377715,1,0,1,0,0,0,0,0
377679,1,1,1,1,0,0,0,0
377816,1,1,1,1,0,0,0,0
377810,1,1,1,1,0,0,0,0
377511,1,1,8,4,0,0,0,0
377574,1,0,2,0,0,0,0,0
377509,1,1,43,2,0,0,0,0
377607,1,0,1,0,0,0,0,0
377503,1,0,1,0,0,0,0,0
377633,1,1,10,3,1,0,0,0
377551,1,1,4,4,0,0,0,0
377799,1,0,0,0,0,0,0,0
377588,1,1,4,1,0,0,0,0
377621,1,0,1,0,0,0,0,0
377587,1,0,5,0,0,0,0,0
377779,1,0,1,0,0,0,0,0
377855,1,1,3,1,1,0,0,0
377627,1,1,2,1,0,0,0,0
377658,1,0,1,0,0,0,0,0
377514,1,0,1,0,0,0,0,0
377792,1,0,1,0,0,0,0,0
377555,1,1,3,1,0,0,0,0
377568,1,1,5,4,0,0,0,0
377760,1,1,3,2,0,0,0,0
377516,1,1,5,1,0,0,0,0
377548,1,1,4,1,0,0,0,0
377518,1,0,1,0,0,0,0,0
377738,1,1,60,5,0,0,0,0
377720,1,1,2,1,0,0,0,0
377556,1,0,1,0,0,0,0,0
377491,1,1,4,1,0,0,0,0
377566,1,1,4,1,0,0,0,0
377787,1,0,3,0,0,0,0,0
377794,1,1,3,3,0,0,0,0
377778,1,1,54,9,0,0,0,0
377711,1,0,0,0,0,0,0,0
377571,1,1,6,5,0,0,0,0
377865,0,0,0,0,0,0,0,1
377619,1,0,1,0,0,0,0,0
377954,0,0,0,0,0,0,0,1
377889,0,0,0,0,0,0,0,1
377952,0,0,0,0,0,0,0,1
377921,0,0,0,0,0,0,0,1
377870,1,0,1,0,0,0,0,0
377933,0,0,0,0,0,0,0,1
377891,0,0,0,0,0,0,0,0
377940,0,0,0,0,0,0,0,1
377918,0,0,0,0,0,0,0,0
377923,0,0,0,0,0,0,0,1
377879,0,0,0,0,0,0,0,0
377895,1,0,1,0,0,0,0,0
377932,1,0,0,0,0,0,0,0
377979,0,0,0,0,0,0,0,1
377877,1,0,2,0,0,0,0,0
377788,1,0,3,0,0,0,0,0
377937,1,0,1,0,0,0,0,0
377898,1,0,1,0,1,1,0,0
377878,1,0,1,0,0,0,0,0
378002,0,0,0,0,0,0,0,1
377914,1,0,0,0,0,0,0,0
378004,0,0,0,0,0,0,0,1
377924,1,0,1,0,0,0,0,0
378000,1,0,1,0,0,0,0,0
377980,0,0,0,0,0,0,0,1
378017,0,0,0,0,0,0,0,1
377929,1,0,1,0,0,0,0,0
378006,1,0,1,0,0,0,0,0
377926,1,0,0,0,0,0,0,0
378022,0,0,0,0,0,0,0,1
377996,1,0,0,0,0,0,0,0
377928,1,0,1,0,0,0,0,0
377942,1,0,1,0,0,0,0,0
377956,1,0,1,0,0,0,0,0
377975,1,0,1,0,0,0,0,0
377904,0,0,0,0,0,0,0,1
377989,1,0,1,0,0,0,0,0
377873,1,0,1,0,0,0,0,0
377977,1,0,1,0,0,0,0,0
377916,1,1,1,1,1,0,0,0
377930,1,0,1,0,0,0,0,0
377922,1,1,1,1,0,0,0,0
377984,1,0,0,0,0,0,0,0
377927,1,0,0,0,0,0,0,0
378007,1,0,1,0,0,0,0,0
377991,1,0,1,0,0,0,0,0
377783,1,1,1,1,1,1,0,0
377871,1,0,1,0,0,0,0,0
378005,1,1,2,2,1,1,0,0
377915,1,0,2,0,0,0,0,0
377992,1,1,2,1,0,0,0,0
377988,1,1,3,1,0,0,0,0
377917,1,0,0,0,0,0,0,0
377951,0,0,0,0,0,0,0,0
378019,1,1,1,1,0,0,0,0
377999,1,0,1,0,0,0,0,0
378037,1,0,1,0,0,0,0,0
377997,1,0,1,0,0,0,0,0
377897,1,1,1,1,0,0,0,0
378003,1,1,1,1,0,0,0,0
378043,0,0,0,0,0,0,0,0
378023,0,0,0,0,0,0,0,0
378033,1,0,1,0,0,0,0,0
377959,0,0,0,0,0,0,0,0
378060,0,0,0,0,0,0,0,1
377995,1,0,3,0,0,0,0,0
378049,1,0,1,0,0,0,0,0
378065,0,0,0,0,0,0,0,1
377886,1,1,2,1,0,0,0,0
377993,0,0,0,0,0,0,0,0
377890,1,0,1,0,0,0,0,0
377974,1,1,3,2,0,0,0,0
377960,1,0,1,0,0,0,0,0
378056,0,0,0,0,0,0,0,0
377967,1,0,0,0,0,0,0,0
377941,1,0,0,0,0,0,0,0
377998,1,1,5,1,0,0,0,0
378047,1,0,1,0,0,0,0,0
378011,1,0,2,0,0,0,0,0
377964,1,0,1,0,0,0,0,0
378024,1,0,2,0,0,0,0,0
378041,0,0,0,0,0,0,0,0
378048,1,0,0,0,0,0,0,0
377946,1,0,1,0,0,0,0,0
377938,1,0,1,0,0,0,0,0
377888,1,0,1,0,0,0,0,0
378061,1,1,1,1,0,0,0,0
377881,0,0,0,0,0,0,0,0
377943,1,0,1,0,0,0,0,0
378069,1,0,1,0,0,0,0,0
378018,1,0,1,0,0,0,0,0
378081,0,0,0,0,0,0,0,0
377962,0,0,0,0,0,0,0,0
377955,1,0,0,0,0,0,0,0
377963,1,0,0,0,0,0,0,0
378093,0,0,0,0,0,0,0,1
377934,1,0,6,0,0,0,0,0
378015,1,1,2,1,0,0,0,0
377939,1,0,1,0,0,1,0,0
378084,1,0,0,0,0,0,0,0
378034,1,1,2,1,0,0,0,0
377894,1,1,1,1,0,0,0,0
377875,1,0,2,0,0,0,0,0
378016,1,0,1,0,0,0,0,0
378064,1,0,0,0,0,0,0,0
377882,1,1,1,1,0,0,0,0
377978,1,1,1,1,0,0,0,0
378025,1,0,0,0,0,0,0,0
378092,1,0,0,0,0,0,0,0
377901,1,0,1,0,0,0,0,0
378103,0,0,0,0,0,0,0,1
378091,1,0,1,0,0,0,0,0
377905,1,0,1,0,0,0,0,0
378010,1,1,1,1,0,0,0,0
378001,1,0,1,0,0,0,0,0
377880,0,0,0,0,0,0,0,0
378063,1,1,3,3,0,0,0,0
378050,0,0,0,0,0,0,0,0
378068,1,0,1,0,0,0,0,0
378094,0,0,0,0,0,0,0,0
377893,1,0,0,0,0,0,0,0
378071,1,0,1,0,0,0,0,0
378115,0,0,0,0,0,0,0,1
377969,1,0,1,0,0,0,0,0
377944,1,0,3,0,0,0,0,0
377958,0,0,0,0,0,0,0,0
377745,1,0,1,0,0,0,0,0
378098,1,0,0,0,0,0,0,0
378124,0,0,0,0,0,0,0,1
378014,1,0,1,0,0,0,0,0
378070,1,0,1,0,0,0,0,0
378045,1,0,1,0,0,0,0,0
378062,1,0,1,0,0,0,0,0
378079,1,0,1,0,0,0,0,0
377910,1,0,1,0,0,0,0,0
378121,1,0,1,0,0,0,0,0
378073,1,0,0,0,0,0,0,0
377874,1,1,1,1,0,0,0,0
378074,1,0,1,0,0,0,0,0
377931,1,0,1,0,0,0,0,0
377862,1,1,3,3,0,0,0,0
377887,1,0,0,0,0,0,0,0
378135,0,0,0,0,0,0,0,1
378052,1,1,1,1,0,0,0,0
377907,1,0,1,0,0,0,0,0
377948,1,0,1,0,0,0,0,0
377899,1,1,5,5,1,0,0,0
378144,0,0,0,0,0,0,0,1
378075,1,0,1,0,0,0,0,0
377966,0,0,0,0,0,0,0,0
378116,1,0,1,0,0,0,0,0
378020,1,0,1,0,0,0,0,0
378106,1,0,1,0,0,0,0,0
377965,1,0,1,0,0,0,0,0
377869,1,1,3,1,0,0,0,0
377971,1,0,1,0,0,0,0,0
378147,0,0,0,0,0,0,0,1
377861,1,0,1,0,0,0,0,0
377949,1,0,1,0,0,0,0,0
378120,0,0,0,0,0,0,0,0
378130,1,0,1,0,0,0,0,0
377983,1,1,1,1,0,0,0,0
377936,1,0,1,0,0,0,0,0
378122,1,0,1,0,0,0,0,0
378008,1,0,0,0,0,0,0,0
377982,1,1,1,1,0,0,0,0
377863,1,0,2,0,0,0,0,0
377883,1,0,1,0,0,0,0,0
378126,1,1,6,1,0,0,0,0
377985,1,0,0,0,0,0,0,0
378009,1,0,1,0,0,0,0,0
377994,1,0,1,0,0,0,0,0
378080,1,1,1,1,0,0,0,0
378054,1,0,1,0,0,0,0,0
378117,1,1,1,1,0,0,0,0
377970,1,0,1,0,0,1,0,0
378044,1,0,9,0,0,0,0,0
378119,1,1,1,1,1,0,0,0
378151,1,0,1,0,0,0,0,0
378100,1,0,1,0,0,0,0,0
377828,1,1,7,4,0,0,0,0
378142,1,0,1,0,0,0,0,0
378110,1,0,0,0,0,0,0,0
378167,0,0,0,0,0,0,0,0
378148,1,0,1,0,0,0,0,0
378118,1,1,4,4,0,0,0,0
378131,1,0,1,0,0,0,0,0
377961,1,0,1,0,0,0,0,0
378159,1,0,1,0,0,0,0,0
378160,1,0,1,0,0,0,0,0
378165,1,0,1,0,0,0,0,0
378127,1,0,0,0,0,0,0,0
378114,1,1,1,1,0,0,0,0
378185,0,0,0,0,0,0,0,1
378187,0,0,0,0,0,0,0,1
378123,1,0,1,0,0,0,0,0
378136,1,1,1,1,0,0,0,0
377867,1,0,17,0,0,0,0,0
378021,1,0,3,0,1,1,0,0
377864,1,0,0,0,0,0,0,0
378152,1,0,0,0,0,0,0,0
378133,1,0,1,0,0,0,0,0
378145,1,0,1,0,0,0,0,0
378051,1,0,1,0,0,0,0,0
378156,1,1,1,1,0,0,0,0
378169,1,1,1,1,0,0,0,0
378099,1,0,2,0,1,1,0,0
378032,0,0,0,0,0,0,0,0
378173,1,0,1,0,0,0,0,0
378188,0,0,0,0,0,0,0,0
378132,1,1,1,1,0,0,0,0
378183,1,0,1,0,0,0,0,0
378182,1,1,3,1,0,0,0,0
378172,1,0,1,0,0,0,0,0
377860,1,1,1,1,0,0,0,0
378201,0,0,0,0,0,0,0,0
378109,1,0,1,0,0,0,0,0
378189,1,0,1,0,0,0,0,0
378150,1,1,1,1,0,1,0,0
378216,0,0,0,0,0,0,0,1
377892,1,0,1,0,1,1,0,0
378214,1,0,1,0,0,0,0,0
378076,1,0,1,0,0,0,0,0
378053,1,1,2,1,0,0,0,0
378177,1,0,1,0,0,1,0,0
378095,1,1,1,1,0,0,0,0
378198,1,0,1,0,0,0,0,0
377900,1,0,1,0,0,0,0,0
378192,1,0,1,0,0,0,0,0
378226,0,0,0,0,0,0,0,1
378153,0,0,0,0,0,0,0,0
378221,0,0,0,0,0,0,0,1
378199,1,0,1,0,0,0,0,0
378202,1,0,0,0,0,0,0,0
378223,0,0,0,0,0,0,0,1
377976,1,0,0,0,0,0,0,0
378077,1,0,1,0,0,0,0,0
378186,1,1,1,1,0,0,0,0
378229,0,0,0,0,0,0,0,1
378200,1,0,3,0,0,0,0,0
377866,1,1,1,1,0,0,0,0
378178,1,0,0,0,0,0,0,0
378232,0,0,0,0,0,0,0,1
377885,1,0,1,0,0,1,0,0
378035,1,1,9,7,0,0,0,0
378107,1,0,1,0,0,0,0,0
377906,1,0,1,0,0,0,0,0
378207,1,0,1,0,0,0,0,0
378162,1,0,1,0,0,0,0,0
377912,1,1,9,1,0,0,0,0
378128,1,0,1,0,0,0,0,0
377655,1,1,7,1,0,0,0,0
378088,1,0,4,0,0,0,0,0
378203,1,0,1,0,0,0,0,0
378102,1,1,2,1,0,0,0,0
378217,1,0,1,0,0,0,0,0
378038,1,1,1,1,0,0,0,0
378139,1,1,1,1,0,0,0,0
378215,1,0,1,0,0,0,0,0
378227,1,0,0,0,0,0,0,0
377935,0,0,0,0,0,0,0,0
378036,1,0,1,0,0,0,0,0
378112,1,1,3,1,0,0,0,0
378219,1,0,1,0,0,0,0,0
378129,1,0,1,0,0,0,0,0
377945,0,0,0,0,0,0,0,0
378168,1,0,1,0,0,0,0,0
378140,1,0,1,0,0,0,0,0
378141,1,1,2,2,0,0,0,0
378013,1,0,2,0,0,0,0,0
378237,1,0,1,0,0,0,0,0
378190,1,1,1,1,0,0,0,0
378057,1,1,1,1,0,0,0,0
378171,1,1,1,1,1,1,0,0
378090,1,0,1,0,0,0,0,0
378193,1,1,3,1,0,0,0,0
378213,1,0,1,0,0,0,0,0
378154,1,0,1,0,0,0,0,0
377623,1,0,5,0,0,0,0,0
377908,1,1,2,1,0,0,0,0
377550,1,0,1,0,0,0,0,0
378111,1,0,1,0,0,0,0,0
378197,1,0,1,0,0,0,0,0
378184,1,1,1,1,0,0,0,0
378225,1,1,212,32,0,0,0,0
378030,1,0,1,0,0,0,0,0
378042,1,1,1,1,0,0,0,0
378236,1,1,2,1,0,0,0,0
377990,1,1,2,2,0,1,0,0
378194,1,0,1,0,0,0,0,0
378206,1,0,1,0,0,0,0,0
378224,1,0,1,0,0,0,0,0
378218,1,0,1,0,0,0,0,0
378222,1,0,1,0,0,0,0,0
378230,1,1,2,1,0,0,0,0
378157,1,0,1,0,0,0,0,0
378086,1,0,1,0,0,0,0,0
378158,1,0,1,0,0,0,0,0
378166,1,0,1,0,0,0,0,0
378164,1,0,4,0,0,0,0,0
378195,1,0,0,0,0,0,0,0
378235,1,1,2,1,0,0,0,0
378233,1,0,1,0,0,0,0,0
377521,1,0,1,0,0,0,0,0
378231,1,1,3,3,0,0,0,0
378083,1,1,3,1,0,0,0,0
378175,1,0,1,0,0,0,0,0
378163,1,0,0,0,0,0,0,0
378039,1,1,1,1,0,0,0,0
378146,1,0,1,0,0,0,0,0
378104,1,1,3,2,1,0,0,0
377973,1,1,1,1,0,0,0,0
377579,1,0,5,0,0,0,0,0
378055,1,0,4,0,0,0,0,0
378067,1,0,1,0,0,0,0,0
378143,0,0,0,0,0,0,0,1
378179,1,0,1,0,0,0,0,0
377868,1,0,1,0,0,0,0,0
378096,0,0,0,0,0,0,0,0
378149,1,0,1,0,0,0,0,0
378176,1,1,8,1,0,0,0,0
378234,1,0,0,0,0,0,0,0
377972,1,1,2,2,0,0,0,0
378209,1,0,2,0,0,0,0,0
378205,1,1,6,1,0,0,0,0
377499,1,1,15,6,0,1,0,0
378170,1,0,5,0,0,0,0,0
378196,1,1,1,1,1,0,0,0
378046,1,1,5,5,0,0,0,0
378174,1,1,2,2,0,0,0,0
378012,1,0,1,0,0,0,0,0
378138,1,1,1,1,0,0,0,0
378155,0,0,0,0,0,0,0,0
378089,1,1,2,1,1,1,0,0
378180,1,0,1,0,0,0,0,0
378078,1,1,1,1,0,0,0,0
377884,1,1,1,1,0,0,0,0
377902,1,0,1,0,0,0,0,0
378101,1,0,0,0,0,0,0,0
378212,1,0,2,0,0,0,0,0
378228,1,1,2,1,0,0,0,0
378291,0,0,0,0,0,0,0,1
378296,0,0,0,0,0,0,0,1
378266,0,0,0,0,0,0,0,1
378318,0,0,0,0,0,0,0,1
378278,0,0,0,0,0,0,0,1
378316,0,0,0,0,0,0,0,1
378268,0,0,0,0,0,0,0,1
378323,0,0,0,0,0,0,0,1
378327,0,0,0,0,0,0,0,0
378280,1,0,1,0,0,0,0,0
378307,1,0,1,0,0,0,0,0
378335,0,0,0,0,0,0,0,1
378286,1,0,1,0,0,0,0,0
378331,0,0,0,0,0,0,0,1
378027,1,1,2,2,0,0,0,0
378273,1,0,1,0,0,0,0,0
378246,1,0,1,0,0,0,0,0
378326,1,0,1,0,0,0,0,0
378108,1,0,2,0,0,0,0,0
378328,1,1,1,1,0,0,0,0
378252,1,0,1,0,0,0,0,0
378277,1,0,1,0,0,0,0,0
378271,1,0,0,0,0,0,0,0
378244,1,0,0,0,0,0,0,0
378332,1,1,1,1,0,0,0,0
378255,1,0,1,0,0,0,0,0
378325,1,0,1,0,0,0,0,0
378350,0,0,0,0,0,0,0,1
378267,1,1,1,1,0,0,0,0
378293,1,1,1,1,0,0,0,0
378256,1,1,1,1,0,0,0,0
378113,1,0,9,0,0,0,0,0
378259,1,1,4,2,0,0,0,0
378329,1,0,1,0,0,0,0,0
378303,1,0,2,0,0,0,0,0
378313,1,0,1,0,0,0,0,0
378295,1,0,2,0,0,0,0,0
378284,1,0,1,0,0,0,0,0
377909,1,0,0,0,0,0,0,0
378282,1,0,1,0,0,0,0,0
378310,0,0,0,0,0,0,0,0
377925,1,1,1,1,0,0,0,0
378337,1,0,1,0,0,1,0,0
378289,1,0,0,0,0,0,0,0
378292,0,0,0,0,0,0,0,0
378290,1,0,1,0,0,0,0,0
378257,1,0,1,0,0,0,0,0
378298,1,0,1,0,0,0,0,0
378258,1,0,1,0,0,0,0,0
378308,0,0,0,0,0,0,0,0
378288,1,0,1,0,0,0,0,0
378370,0,0,0,0,0,0,0,1
378287,1,1,2,1,0,0,0,0
378301,1,0,0,0,0,0,0,0
378338,1,0,1,0,0,0,0,0
378364,1,0,0,0,0,0,0,0
378374,1,0,0,0,0,0,0,0
378361,1,0,1,0,0,0,0,0
378385,0,0,0,0,0,0,0,1
378345,1,0,0,0,0,0,0,0
378270,1,1,9,4,0,0,0,0
378220,1,1,4,2,0,0,0,0
378305,1,0,1,0,0,0,0,0
378384,0,0,0,0,0,0,0,1
378281,1,0,1,0,0,0,0,0
378389,0,0,0,0,0,0,0,1
378392,0,0,0,0,0,0,0,1
378344,1,0,1,0,0,0,0,0
378363,1,1,18,15,0,0,0,0
378294,1,0,1,0,0,0,0,0
378334,1,0,1,0,0,0,0,0
378371,1,0,1,0,0,0,0,0
378400,0,0,0,0,0,0,0,1
378320,1,0,2,0,0,0,0,0
378254,1,0,2,0,0,0,0,0
378309,1,0,1,0,0,0,0,0
378375,1,0,1,0,0,0,0,0
378285,1,1,3,2,0,0,0,0
378404,0,0,0,0,0,0,0,0
378272,1,0,1,0,0,0,0,0
378321,1,1,5,1,0,0,0,0
378398,1,0,1,0,0,0,0,0
378250,1,0,1,0,0,0,0,0
378391,1,0,1,0,0,0,0,0
378360,1,1,3,1,0,0,0,0
378066,1,0,1,0,0,0,0,0
377957,1,1,13,5,0,0,0,0
378359,1,0,3,0,0,0,0,0
378356,1,0,1,0,0,0,0,0
378394,1,0,1,0,0,0,0,0
378380,1,0,1,0,0,0,0,0
378393,1,0,1,0,0,0,0,0
378362,1,0,1,0,1,1,0,0
378352,1,0,1,0,0,0,0,0
378351,1,0,0,0,0,0,0,0
378419,0,0,0,0,0,0,0,1
378421,0,0,0,0,0,0,0,1
378341,1,1,1,1,0,0,0,0
378211,1,1,4,1,0,0,0,0
378366,1,0,1,0,0,0,0,0
378413,1,0,1,0,0,0,0,0
378330,1,0,1,0,0,0,0,0
378376,1,0,4,0,0,0,0,0
378418,1,0,2,0,0,0,0,0
378349,1,0,1,0,0,0,0,0
378247,1,0,1,0,0,0,0,0
378409,1,1,1,1,0,0,0,0
378249,1,1,1,1,0,0,0,0
378408,1,0,1,0,0,0,0,0
378240,1,0,10,0,0,0,0,0
378343,1,0,1,0,0,0,0,0
378431,1,0,0,0,0,0,0,0
378422,0,0,0,0,0,0,0,0
378241,1,1,1,1,1,1,0,0
378446,0,0,0,0,0,0,0,1
378377,1,0,1,0,0,0,0,0
378430,1,0,1,0,0,0,0,0
378437,1,0,1,0,0,0,0,0
378383,1,0,1,0,0,0,0,0
378248,1,1,1,1,0,0,0,0
378405,1,0,0,0,0,0,0,0
378452,0,0,0,0,0,0,0,1
378401,1,1,1,1,0,0,0,0
378297,1,0,2,0,0,0,0,0
378425,1,0,1,0,0,0,0,0
378279,1,1,2,1,0,0,0,0
378420,1,1,1,1,0,0,0,0
378445,1,1,5,2,0,0,0,0
378314,1,1,1,1,0,0,0,0
378406,1,0,2,0,0,1,0,0
378443,1,0,1,0,0,0,0,0
378410,1,0,1,0,0,0,0,0
378435,1,0,0,0,0,0,0,0
378433,1,0,1,0,0,0,0,0
378447,1,0,2,0,0,0,0,0
378265,1,1,1,1,0,0,0,0
378072,1,0,1,0,0,0,0,0
378402,0,0,0,0,0,0,0,0
378387,1,0,2,0,0,0,0,0
378346,1,0,0,0,0,0,0,0
378347,1,1,1,1,0,0,0,0
378253,0,0,0,0,0,0,0,0
378427,1,0,0,0,0,0,0,0
378469,0,0,0,0,0,0,0,1
378429,1,0,0,0,0,0,0,0
378390,1,0,1,0,0,0,0,0
378438,1,0,1,0,0,0,0,0
378432,1,0,1,0,0,0,0,0
378399,1,0,1,0,0,1,0,0
378454,1,1,2,2,0,0,0,0
378369,1,1,5,4,0,0,0,0
378448,1,0,1,0,0,0,0,0
378457,1,0,0,0,0,0,0,0
378476,0,0,0,0,0,0,0,0
378486,0,0,0,0,0,0,0,1
378322,0,0,0,0,0,0,0,0
378460,1,0,1,0,0,0,0,0
378304,1,1,1,1,0,0,0,0
378463,1,0,1,0,0,0,0,0
378455,1,0,1,0,0,0,0,0
378125,1,0,1,0,0,0,0,0
378458,1,0,1,0,0,0,0,0
378439,1,0,1,0,0,0,0,0
378462,1,1,1,1,0,0,0,0
377953,1,0,1,0,0,0,0,0
377911,1,1,8,7,1,0,0,0
378436,1,0,2,0,0,0,0,0
378348,1,1,2,1,0,0,0,0
378479,1,0,1,0,0,0,0,0
378487,0,0,0,0,0,0,0,0
378501,0,0,0,0,0,0,0,1
378311,1,0,1,0,0,0,0,0
378488,1,0,1,0,0,0,0,0
378503,0,0,0,0,0,0,0,1
378466,1,0,1,0,0,0,0,0
378497,1,0,1,0,0,0,0,0
378403,1,1,1,1,0,0,0,0
378319,1,0,2,0,0,0,0,0
378333,1,0,2,0,0,0,0,0
378324,1,0,1,0,0,0,0,0
378506,1,0,1,0,0,0,0,0
378511,0,0,0,0,0,0,0,1
378490,1,0,1,0,0,0,0,0
378414,1,1,1,1,0,1,0,0
378354,1,1,1,1,0,0,0,0
378518,0,0,0,0,0,0,0,1
378517,0,0,0,0,0,0,0,1
378478,1,1,1,1,0,0,0,0
378339,1,0,1,0,0,0,0,0
378481,1,0,1,0,0,0,0,0
378367,1,1,6,2,0,0,0,0
378134,1,0,3,0,0,1,0,0
377986,1,0,3,0,0,0,0,0
378499,1,0,7,0,0,0,0,0
378263,1,0,1,0,0,0,0,0
378274,1,1,1,1,0,0,0,0
378514,1,0,1,0,0,0,0,0
378396,1,1,5,1,0,0,0,0
378373,1,0,2,0,0,0,0,0
378381,1,0,1,0,0,0,0,0
378379,0,0,0,0,0,0,0,0
378464,1,0,1,0,0,0,0,0
378493,1,1,2,1,0,0,0,0
378415,1,0,1,0,0,0,0,0
378368,1,0,1,0,0,0,0,0
378495,0,0,0,0,0,0,0,0
378302,1,0,2,0,0,0,0,0
378526,1,0,0,0,0,0,0,0
378353,1,0,1,0,0,0,0,0
378543,0,0,0,0,0,0,0,1
378522,1,0,1,0,0,0,0,0
378530,1,0,1,0,0,0,0,0
378395,1,1,7,3,0,0,0,0
378504,1,0,1,0,0,0,0,0
378477,1,0,1,0,0,0,0,0
378468,1,0,1,0,0,0,0,0
378355,1,1,3,1,0,0,0,0
378556,0,0,0,0,0,0,0,1
378509,1,0,1,0,0,0,0,0
378423,1,1,2,1,0,0,0,0
378532,1,1,1,1,0,0,0,0
378531,0,0,0,0,0,0,0,0
378461,1,1,1,1,1,1,0,0
378417,1,1,3,2,0,1,0,0
378553,0,0,0,0,0,0,0,0
378544,1,0,0,0,0,0,0,0
378529,1,1,1,1,0,0,0,0
378482,0,0,0,0,0,0,0,0
378533,1,1,11,1,0,0,0,0
378513,1,0,0,0,0,0,0,0
378527,1,1,1,1,0,0,0,0
378535,1,0,1,0,0,0,0,0
378239,1,1,1,1,0,0,0,0
378510,0,0,0,0,0,0,0,0
378537,1,0,1,0,0,0,0,0
378260,0,0,0,0,0,0,0,0
378547,1,0,3,0,0,0,0,0
378336,1,0,2,0,0,0,0,0
378542,0,0,0,0,0,0,0,0
378564,1,0,0,0,0,0,0,0
378516,1,0,1,0,0,0,0,0
378474,1,0,1,0,0,0,0,0
378453,1,0,1,0,0,1,0,0
378539,1,0,1,0,0,0,0,0
378382,0,0,0,0,0,0,0,0
378571,0,0,0,0,0,0,0,0
378554,1,1,2,1,0,0,0,0
378583,0,0,0,0,0,0,0,1
378557,1,0,1,0,0,0,0,0
378317,1,1,7,4,0,0,0,0
378586,0,0,0,0,0,0,0,1
378574,1,0,0,0,0,0,0,0
378372,1,0,3,0,0,0,0,0
378555,1,0,1,0,0,0,0,0
378467,1,0,0,0,0,0,0,0
378541,1,1,5,2,0,0,0,0
378342,1,0,3,0,0,0,0,0
378538,1,1,1,1,0,0,0,0
378525,1,1,2,1,0,0,0,0
378505,1,0,1,0,0,0,0,0
378528,1,0,0,0,0,0,0,0
378502,1,0,1,0,0,0,0,0
378600,0,0,0,0,0,0,0,1
378559,1,1,1,1,0,0,0,0
378540,1,0,0,0,0,0,0,0
378440,1,0,1,0,0,0,0,0
378238,1,0,2,0,0,0,0,0
378567,1,0,1,0,0,0,0,0
378465,1,0,1,0,0,0,0,0
378494,1,0,1,0,0,0,0,0
378358,1,1,1,1,0,0,0,0
378507,1,0,1,0,0,0,0,0
378578,0,0,0,0,0,0,0,0
378560,1,1,1,1,0,0,0,0
378450,1,1,1,1,0,0,0,0
378566,1,0,2,0,0,0,0,0
378563,1,0,0,0,0,0,0,0
378598,1,0,1,0,0,0,0,0
378603,1,0,2,0,0,0,0,0
378594,0,0,0,0,0,0,0,0
378575,1,0,1,0,0,0,0,0
378608,1,0,2,0,0,0,0,0
378606,1,0,1,0,0,0,0,0
378485,1,0,3,0,0,0,0,0
378607,1,0,1,0,0,0,0,0
378549,1,1,2,1,0,0,0,0
378442,1,0,3,0,0,0,0,0
378523,1,0,1,0,0,0,0,0
378580,1,1,6,1,0,0,0,0
378444,1,1,11,2,0,0,0,0
378588,1,0,1,0,0,0,0,0
378611,1,0,1,0,0,0,0,0
378491,1,1,3,2,0,0,0,0
378615,0,0,0,0,0,0,0,0
377987,1,0,1,0,0,0,0,0
378595,1,0,0,0,0,0,0,0
378264,1,0,1,0,1,1,0,0
378569,1,0,1,0,0,0,0,0
378512,0,0,0,0,0,0,0,0
378451,1,0,1,0,0,0,0,0
378428,1,1,6,1,0,0,0,0
378579,1,0,1,0,0,0,0,0
378601,1,0,1,0,0,0,0,0
377876,1,1,4,2,0,0,0,0
378534,1,0,2,0,0,0,0,0
378613,1,0,1,0,0,0,0,0
378570,1,1,1,1,0,0,0,0
378614,1,1,1,1,0,0,0,0
378536,1,1,2,2,0,0,0,0
378515,1,0,2,0,0,0,0,0
378568,1,0,1,0,0,0,0,0
378508,1,0,2,0,0,0,0,0
378545,0,0,0,0,0,0,0,0
378585,1,1,1,1,0,0,0,0
378340,1,0,1,0,0,0,0,0
378565,1,1,3,1,0,0,0,0
378550,1,0,1,0,0,0,0,0
378275,1,1,4,1,0,0,0,0
378587,1,0,1,0,0,0,0,0
378472,1,0,2,0,0,0,0,0
378597,1,0,1,0,0,0,0,0
378584,1,0,1,0,0,0,0,0
378596,1,0,0,0,0,0,0,0
378424,1,0,2,0,0,0,0,0
378610,1,1,1,1,0,0,0,0
378577,1,1,2,1,0,0,0,0
378496,1,0,2,0,0,0,0,0
378612,1,1,4,1,0,0,0,0
378388,1,1,2,1,0,0,0,0
378315,0,0,0,0,0,0,0,0
378609,1,0,1,0,0,0,0,0
378492,0,0,0,0,0,0,0,0
378484,1,0,1,0,0,0,0,0
378483,1,0,0,0,0,0,0,0
378210,1,1,11,3,1,0,0,0
378434,1,1,2,1,0,0,0,0
378576,1,0,1,0,0,0,0,0
378558,1,0,2,0,0,0,0,0
378519,1,1,11,2,0,0,0,0
378085,1,1,3,1,0,0,0,0
378283,1,0,1,0,0,0,0,0
378411,1,1,2,1,1,0,0,0
378591,1,0,1,0,0,0,0,0
378261,1,1,5,2,0,0,0,0
378581,1,0,2,0,0,0,0,0
378590,1,0,2,0,0,0,0,0
378599,1,0,1,0,0,0,0,0
378097,1,0,17,0,0,0,0,0
378251,1,1,1,1,0,0,0,0
378243,1,1,1,1,0,0,0,0
377775,1,1,1,1,0,0,0,0
377920,1,1,1,1,0,0,0,0
378269,1,1,1,1,0,0,0,0
378524,1,1,1,1,0,0,0,0
378602,1,0,1,0,0,0,0,0
378593,1,1,1,1,0,0,0,0
378489,1,0,3,0,0,0,0,0
378191,1,0,5,0,0,0,0,0
378357,1,0,1,0,0,0,0,0
378365,1,1,1,1,0,0,0,0
378582,1,1,3,1,0,0,0,0
377752,1,1,13,1,0,0,0,0
378208,1,1,27,4,1,0,0,0
378546,1,1,8,1,0,0,0,0
378029,1,1,3,1,0,0,0,0
378552,1,0,1,0,0,1,0,0
378059,1,0,1,0,0,0,0,0
378605,1,1,1,1,0,0,0,0
378471,1,0,0,0,0,0,0,0
378459,1,1,2,1,0,0,0,0
378276,1,1,1,1,0,0,0,0
378161,1,0,2,0,0,0,0,0
378441,1,0,1,0,0,0,0,0
378572,0,0,0,0,0,0,0,0
378105,1,1,7,1,0,0,0,0
378473,1,1,10,2,0,0,0,0
378031,1,1,12,6,0,0,0,0
378040,1,0,4,0,0,0,0,0
378087,1,1,26,2,0,0,0,0
378520,1,1,4,2,0,0,0,0
378181,1,0,9,0,0,1,0,0
378456,1,1,3,1,0,0,0,0
378378,1,1,2,2,0,0,0,0
378562,1,0,2,0,0,0,0,0
377913,1,1,3,1,0,0,0,0
378551,1,0,1,0,0,0,0,0
377872,1,1,4,1,1,0,0,0
378521,1,0,2,0,0,0,0,0
378300,1,0,1,0,0,0,0,0
377981,1,1,4,3,0,0,0,0
378242,1,1,2,2,1,0,0,0
378386,1,1,2,1,0,0,0,0
377673,1,1,9,1,0,0,0,0
377604,1,1,35,8,0,0,0,0
378306,1,1,3,1,0,0,0,0
378426,1,1,7,2,0,0,0,0
378245,1,1,27,4,0,0,0,0
378412,1,1,8,4,1,1,0,0
378299,1,1,4,3,0,0,0,0
378204,1,0,1,0,0,0,0,0
378475,1,0,2,0,0,0,0,0
377903,1,0,2,0,0,1,0,0
378604,1,1,3,1,0,0,0,0
378028,1,1,67,7,0,0,0,0
378498,1,1,6,1,0,1,0,0
378058,1,1,1,1,0,0,0,0
378592,1,0,12,0,0,0,0,0
378312,1,1,28,3,0,0,0,0
377950,1,0,4,0,0,0,0,0
378449,1,1,7,1,0,0,0,0
378480,1,1,8,3,1,0,0,0
377968,1,0,5,0,0,1,0,0
378416,1,0,3,0,0,0,0,0
377630,1,0,2,0,0,0,0,0
377615,1,1,25,7,0,0,0,0
377716,1,1,59,54,0,0,0,0
378082,1,1,17,3,0,0,0,0
378589,1,1,4,2,0,0,0,0
378548,1,1,5,1,0,0,0,0
378500,1,1,18,2,1,1,0,0
378262,1,1,15,2,0,0,0,0
377592,1,1,7,1,0,0,0,0
378407,1,1,30,4,0,0,0,0
377919,1,0,1,0,0,0,0,0
377947,1,1,6,1,0,0,0,0
378026,1,1,37,21,0,0,0,0
377507,1,1,13,7,0,0,0,0
376115,1,1,10,4,0,0,0,0
377896,1,1,237,30,1,0,0,0
107,0,0,0,0,0,0,0,1
79,0,0,0,0,0,0,0,0
53,0,0,0,0,0,0,0,0
99,0,0,0,0,0,0,0,0
76,0,0,0,0,0,0,0,0
46,0,0,0,0,0,0,0,0
105,0,0,0,0,0,0,0,0
97,0,0,0,0,0,0,0,0
44,0,0,0,0,0,0,0,0
82,0,0,0,0,0,0,0,0
41,0,0,0,0,0,0,0,0
45,0,0,0,0,0,0,0,0
89,0,0,0,0,0,0,0,0
75,0,0,0,0,0,0,0,0
60,0,0,0,0,0,0,0,0
49,1,1,1,1,0,0,0,0
103,0,0,0,0,0,0,0,0
78,0,0,0,0,0,0,0,0
145,0,0,0,0,0,0,0,0
62,0,0,0,0,0,0,0,0
43,0,0,0,0,0,0,0,0
100,0,0,0,0,0,0,0,0
81,0,0,0,0,0,0,0,0
106,0,0,0,0,0,0,0,0
70,0,0,0,0,0,0,0,0
61,0,0,0,0,0,0,0,0
94,0,0,0,0,0,0,0,0
38,0,0,0,0,0,0,0,0
80,0,0,0,0,0,0,0,0
109,0,0,0,0,0,0,0,0
72,0,0,0,0,0,0,0,0
59,1,1,1,1,0,0,0,0
37,0,0,0,0,0,0,0,0
98,1,0,1,0,0,0,0,0
83,0,0,0,0,0,0,0,0
108,0,0,0,0,0,0,0,0
77,0,0,0,0,0,0,0,0
66,1,0,0,0,0,0,0,0
42,0,0,0,0,0,0,0,0
93,0,0,0,0,0,0,0,0
85,1,0,1,0,0,0,0,0
102,0,0,0,0,0,0,0,0
71,1,0,1,0,0,0,0,0
68,1,0,1,0,0,0,0,0
96,1,1,1,1,0,0,0,0
58,0,0,0,0,0,0,0,0
149,1,0,1,0,0,0,0,0
101,0,0,0,0,0,0,0,0
57,1,0,1,0,0,0,0,0
146,0,0,0,0,0,0,0,0
27,1,0,0,0,0,0,0,0
47,0,0,0,0,0,0,0,0
144,0,0,0,0,0,0,0,0
73,1,0,1,0,0,0,0,0
48,0,0,0,0,0,0,0,0
141,0,0,0,0,0,0,0,0
86,1,0,0,0,0,0,0,0
74,1,0,2,0,0,0,0,0
50,0,0,0,0,0,0,0,0
150,1,1,1,1,0,0,0,0
95,0,0,0,0,0,0,0,0
90,0,0,0,0,0,0,0,0
54,1,1,2,1,0,0,0,0
5,1,1,1,1,0,0,0,0
148,0,0,0,0,0,0,0,0
11,0,0,0,0,0,0,0,0
10,1,1,1,1,0,0,0,0
55,0,0,0,0,0,0,0,0
91,1,1,4,1,0,0,0,0
39,0,0,0,0,0,0,0,0
147,0,0,0,0,0,0,0,0
111,1,0,1,0,0,0,0,0
84,0,0,0,0,0,0,0,0
3,0,0,0,0,0,0,0,0
36,1,1,1,1,0,0,0,0
142,1,1,1,1,0,0,0,0
104,0,0,0,0,0,0,0,0
26,1,0,1,0,0,0,0,0
67,1,0,1,0,0,0,0,0
178,0,0,0,0,0,0,0,1
92,1,1,1,1,0,0,0,0
63,0,0,0,0,0,0,0,0
35,1,1,15,15,0,0,0,0
87,1,1,9,1,0,0,0,0
88,1,1,1,1,0,0,0,0
162,1,0,1,0,0,0,0,0
33,0,0,0,0,0,0,0,0
176,0,0,0,0,0,0,0,0
201,0,0,0,0,0,0,0,0
151,0,0,0,0,0,0,0,0
51,0,0,0,0,0,0,0,0
167,0,0,0,0,0,0,0,0
172,0,0,0,0,0,0,0,0
200,0,0,0,0,0,0,0,0
32,1,0,1,0,0,0,0,0
69,0,0,0,0,0,0,0,0
52,0,0,0,0,0,0,0,0
175,1,1,1,1,0,0,0,0
180,0,0,0,0,0,0,0,0
2,0,0,0,0,0,0,0,0
199,0,0,0,0,0,0,0,0
40,0,0,0,0,0,0,0,0
34,1,0,1,0,0,0,0,0
169,0,0,0,0,0,0,0,0
204,0,0,0,0,0,0,0,0
205,0,0,0,0,0,0,0,0
29,0,0,0,0,0,0,0,0
168,0,0,0,0,0,0,0,0
56,0,0,0,0,0,0,0,0
170,0,0,0,0,0,0,0,0
191,0,0,0,0,0,0,0,0
164,0,0,0,0,0,0,0,0
183,0,0,0,0,0,0,0,0
110,1,1,2,1,0,0,0,0
28,0,0,0,0,0,0,0,0
179,0,0,0,0,0,0,0,0
171,0,0,0,0,0,0,0,0
117,0,0,0,0,0,0,0,0
184,0,0,0,0,0,0,0,0
185,0,0,0,0,0,0,0,0
207,0,0,0,0,0,0,0,0
216,0,0,0,0,0,0,0,0
206,0,0,0,0,0,0,0,0
8,1,1,1,1,0,0,0,0
227,0,0,0,0,0,0,0,0
202,0,0,0,0,0,0,0,0
165,0,0,0,0,0,0,0,0
222,0,0,0,0,0,0,0,0
65,1,0,1,0,0,0,0,0
192,0,0,0,0,0,0,0,0
188,0,0,0,0,0,0,0,0
218,0,0,0,0,0,0,0,0
190,0,0,0,0,0,0,0,0
238,1,0,1,0,0,0,0,0
118,0,0,0,0,0,0,0,0
221,0,0,0,0,0,0,0,0
182,0,0,0,0,0,0,0,0
12,1,0,1,0,0,0,0,0
198,0,0,0,0,0,0,0,0
236,1,0,1,0,0,0,0,0
196,0,0,0,0,0,0,0,0
17,1,0,1,0,0,0,0,0
25,0,0,0,0,0,0,0,0
234,0,0,0,0,0,0,0,0
194,0,0,0,0,0,0,0,0
226,0,0,0,0,0,0,0,0
219,0,0,0,0,0,0,0,0
22,1,1,1,1,0,0,0,0
119,0,0,0,0,0,0,0,0
210,1,0,1,0,0,0,0,0
253,0,0,0,0,0,0,0,1
13,0,0,0,0,0,0,0,0
197,0,0,0,0,0,0,0,0
217,0,0,0,0,0,0,0,0
209,1,0,1,0,0,0,0,0
4,1,1,1,1,0,0,0,0
203,1,0,1,0,0,0,0,0
224,1,0,7,0,0,0,0,0
1,0,0,0,0,0,0,0,1
18,0,0,0,0,0,0,0,0
173,0,0,0,0,0,0,0,0
189,0,0,0,0,0,0,0,0
231,0,0,0,0,0,0,0,0
195,0,0,0,0,0,0,0,0
220,0,0,0,0,0,0,0,0
116,1,0,1,0,0,0,0,0
19,1,1,1,1,0,0,0,1
186,1,0,1,0,0,0,0,0
174,1,0,1,0,0,0,0,0
23,0,0,0,0,0,0,0,0
235,1,0,2,0,0,0,0,0
16,1,0,0,0,0,0,0,0
232,1,0,1,0,0,0,0,0
215,1,0,2,0,0,0,0,0
245,0,0,0,0,0,0,0,0
214,1,0,0,0,0,0,0,0
24,0,0,0,0,0,0,0,0
223,1,0,1,0,0,0,0,0
239,1,0,2,0,0,0,0,0
143,1,0,1,0,0,0,0,0
113,1,1,1,1,0,0,0,0
181,0,0,0,0,0,0,0,0
120,0,0,0,0,0,0,0,0
212,1,1,2,1,0,0,0,0
246,1,0,1,0,0,0,0,0
115,1,0,1,0,0,0,0,0
213,0,0,0,0,0,0,0,0
228,0,0,0,0,0,0,0,0
243,1,0,1,0,0,0,0,0
211,1,1,1,1,0,0,0,0
163,1,0,1,0,0,0,0,0
112,0,0,0,0,0,0,0,0
208,0,0,0,0,0,0,0,0
249,1,0,1,0,0,0,0,0
252,0,0,0,0,0,0,0,0
193,0,0,0,0,0,0,0,0
237,1,1,1,1,0,0,0,0
225,0,0,0,0,0,0,0,0
14,1,0,1,0,0,0,0,0
251,0,0,0,0,0,0,0,0
21,1,0,4,0,0,0,0,0
254,1,1,1,1,0,0,0,0
258,0,0,0,0,0,0,0,0
155,0,0,0,0,0,0,0,0
229,0,0,0,0,0,0,0,0
0,0,0,0,0,0,0,0,0
250,0,0,0,0,0,0,0,0
247,0,0,0,0,0,0,0,0
257,1,1,18,15,0,0,0,0
241,1,1,8,1,0,0,0,0
154,0,0,0,0,0,0,0,0
255,1,0,1,0,0,0,0,0
256,1,0,1,0,0,0,0,0
156,0,0,0,0,0,0,0,0
187,0,0,0,0,0,0,0,0
160,0,0,0,0,0,0,0,0
266,0,0,0,0,0,0,0,0
152,0,0,0,0,0,0,0,0
9,0,0,0,0,0,0,0,0
263,0,0,0,0,0,0,0,0
269,1,0,1,0,0,0,0,0
157,0,0,0,0,0,0,0,0
270,1,0,1,0,0,0,0,0
271,0,0,0,0,0,0,0,0
153,1,1,3,3,0,0,0,0
268,0,0,0,0,0,0,0,0
158,0,0,0,0,0,0,0,0
267,1,1,1,1,0,0,0,0
272,1,0,1,0,0,0,0,0
140,0,0,0,0,0,0,0,0
30,2,0,23,0,0,0,0,0
159,0,0,0,0,0,0,0,0
262,1,0,1,0,0,0,0,0
31,1,1,1,1,0,0,0,0
259,1,0,1,0,0,0,0,0
242,1,0,6,0,0,0,0,0
248,0,0,0,0,0,0,0,0
230,0,0,0,0,0,0,0,0
177,0,0,0,0,0,0,0,0
132,0,0,0,0,0,0,0,1
244,0,0,0,0,0,0,0,0
64,0,0,0,0,0,0,0,0
372,0,0,0,0,0,0,0,0
371,0,0,0,0,0,0,0,0
374,1,1,1,1,0,0,0,0
328,0,0,0,0,0,0,0,0
282,0,0,0,0,0,0,0,0
136,0,0,0,0,0,0,0,0
286,0,0,0,0,0,0,0,0
377,0,0,0,0,0,0,0,0
138,0,0,0,0,0,0,0,0
367,0,0,0,0,0,0,0,0
139,0,0,0,0,0,0,0,0
137,1,0,2,0,0,0,0,0
135,0,0,0,0,0,0,0,0
288,1,0,0,0,0,0,0,0
331,0,0,0,0,0,0,0,0
378,0,0,0,0,0,0,0,0
281,0,0,0,0,0,0,0,0
133,0,0,0,0,0,0,0,0
277,0,0,0,0,0,0,0,0
323,0,0,0,0,0,0,0,1
278,0,0,0,0,0,0,0,0
373,1,1,1,1,0,0,0,0
260,1,0,1,0,0,0,0,0
332,1,0,1,0,0,0,0,0
275,0,0,0,0,0,0,0,0
289,1,0,1,0,0,0,0,0
375,1,1,1,1,0,0,0,0
283,0,0,0,0,0,0,0,0
370,1,0,1,0,0,0,0,0
369,1,0,1,0,0,0,0,0
285,0,0,0,0,0,0,0,0
376,0,0,0,0,0,0,0,0
280,0,0,0,0,0,0,0,0
318,0,0,0,0,0,0,0,0
303,0,0,0,0,0,0,0,0
274,0,0,0,0,0,0,0,0
392,1,0,1,0,0,0,0,0
304,1,0,1,0,0,0,0,0
396,1,0,2,0,0,0,0,0
264,0,0,0,0,0,0,0,0
330,0,0,0,0,0,0,0,0
309,0,0,0,0,0,0,0,0
134,0,0,0,0,0,0,0,0
314,0,0,0,0,0,0,0,0
305,0,0,0,0,0,0,0,0
273,0,0,0,0,0,0,0,0
317,0,0,0,0,0,0,0,0
333,0,0,0,0,0,0,0,0
368,0,0,0,0,0,0,0,0
329,0,0,0,0,0,0,0,0
387,1,0,1,0,0,0,0,0
166,1,0,2,0,0,0,0,0
385,0,0,0,0,0,0,0,0
324,1,0,1,0,0,0,0,0
308,0,0,0,0,0,0,0,0
322,0,0,0,0,0,0,0,0
313,1,0,1,0,0,0,0,0
325,0,0,0,0,0,0,0,0
279,0,0,0,0,0,0,0,0
316,0,0,0,0,0,0,0,0
315,1,1,2,2,0,0,0,0
326,0,0,0,0,0,0,0,0
265,0,0,0,0,0,0,0,0
348,0,0,0,0,0,0,0,1
363,1,1,1,1,0,0,0,0
361,0,0,0,0,0,0,0,0
306,1,1,1,1,0,0,0,0
359,0,0,0,0,0,0,0,0
354,0,0,0,0,0,0,0,0
357,0,0,0,0,0,0,0,0
366,0,0,0,0,0,0,0,0
365,1,0,1,0,0,0,0,0
358,0,0,0,0,0,0,0,0
276,0,0,0,0,0,0,0,0
284,1,1,1,1,0,0,0,0
350,1,0,1,0,0,0,0,0
400,0,0,0,0,0,0,0,0
343,0,0,0,0,0,0,0,0
404,0,0,0,0,0,0,0,0
399,0,0,0,0,0,0,0,0
336,0,0,0,0,0,0,0,0
420,0,0,0,0,0,0,0,0
297,0,0,0,0,0,0,0,0
426,1,0,1,0,0,0,0,0
347,0,0,0,0,0,0,0,0
380,0,0,0,0,0,0,0,0
413,0,0,0,0,0,0,0,0
393,0,0,0,0,0,0,0,0
364,1,1,1,1,0,0,0,0
307,0,0,0,0,0,0,0,0
437,1,0,1,0,0,0,0,0
301,1,1,3,2,0,0,0,0
342,1,1,4,3,0,0,0,0
434,0,0,0,0,0,0,0,0
123,0,0,0,0,0,0,0,0
15,1,0,1,0,0,0,0,0
381,0,0,0,0,0,0,0,0
414,0,0,0,0,0,0,0,0
405,1,1,1,1,0,0,0,0
401,1,0,1,0,0,0,0,0
310,1,1,26,25,0,0,0,0
298,0,0,0,0,0,0,0,0
423,0,0,0,0,0,0,0,0
415,0,0,0,0,0,0,0,0
345,1,0,1,0,0,0,0,0
379,0,0,0,0,0,0,0,0
397,0,0,0,0,0,0,0,0
388,0,0,0,0,0,0,0,0
240,1,0,1,0,0,0,0,0
293,0,0,0,0,0,0,0,0
440,1,0,1,0,0,0,0,0
344,0,0,0,0,0,0,0,0
410,0,0,0,0,0,0,0,0
290,0,0,0,0,0,0,0,0
432,1,0,1,0,0,0,0,0
299,1,0,0,0,0,0,0,0
338,0,0,0,0,0,0,0,0
409,1,0,2,0,0,0,0,0
122,0,0,0,0,0,0,0,0
356,0,0,0,0,0,0,0,0
394,0,0,0,0,0,0,0,0
418,0,0,0,0,0,0,0,0
327,0,0,0,0,0,0,0,0
450,0,0,0,0,0,0,0,0
294,0,0,0,0,0,0,0,0
390,1,0,1,0,0,0,0,0
335,0,0,0,0,0,0,0,0
346,1,0,1,0,0,0,0,0
321,1,0,1,0,0,0,0,0
295,0,0,0,0,0,0,0,0
402,0,0,0,0,0,0,0,0
341,0,0,0,0,0,0,0,0
389,0,0,0,0,0,0,0,0
296,0,0,0,0,0,0,0,0
412,0,0,0,0,0,0,0,0
433,1,1,1,1,0,0,0,0
337,0,0,0,0,0,0,0,0
121,0,0,0,0,0,0,0,0
291,0,0,0,0,0,0,0,0
395,0,0,0,0,0,0,0,0
403,1,0,1,0,0,0,0,0
334,0,0,0,0,0,0,0,0
360,0,0,0,0,0,0,0,0
439,0,0,0,0,0,0,0,0
419,0,0,0,0,0,0,0,0
292,0,0,0,0,0,0,0,0
127,0,0,0,0,0,0,0,0
444,1,1,2,1,0,0,0,0
428,1,0,0,0,0,0,0,0
470,0,0,0,0,0,0,0,1
351,1,0,1,0,0,0,0,0
446,0,0,0,0,0,0,0,0
130,0,0,0,0,0,0,0,0
467,0,0,0,0,0,0,0,0
435,1,0,1,0,0,0,0,0
362,0,0,0,0,0,0,0,0
462,1,1,1,1,0,0,0,0
355,0,0,0,0,0,0,0,0
492,0,0,0,0,0,0,0,1
128,0,0,0,0,0,0,0,0
465,0,0,0,0,0,0,0,0
352,0,0,0,0,0,0,0,0
451,0,0,0,0,0,0,0,0
161,1,1,10,7,0,0,0,0
453,0,0,0,0,0,0,0,0
443,0,0,0,0,0,0,0,0
339,0,0,0,0,0,0,0,0
391,1,0,1,0,0,0,0,0
466,0,0,0,0,0,0,0,0
447,0,0,0,0,0,0,0,0
300,0,0,0,0,0,0,0,0
421,0,0,0,0,0,0,0,0
449,0,0,0,0,0,0,0,0
468,0,0,0,0,0,0,0,0
478,0,0,0,0,0,0,0,0
452,0,0,0,0,0,0,0,0
469,0,0,0,0,0,0,0,0
458,0,0,0,0,0,0,0,0
340,0,0,0,0,0,0,0,0
126,0,0,0,0,0,0,0,0
442,0,0,0,0,0,0,0,0
461,0,0,0,0,0,0,0,0
408,0,0,0,0,0,0,0,0
422,0,0,0,0,0,0,0,0
398,0,0,0,0,0,0,0,0
454,1,1,1,1,0,0,0,0
487,0,0,0,0,0,0,0,0
353,1,1,1,1,0,0,0,0
491,0,0,0,0,0,0,0,0
125,0,0,0,0,0,0,0,0
460,1,0,1,0,0,0,0,0
496,1,0,1,0,0,0,0,0
417,0,0,0,0,0,0,0,0
425,0,0,0,0,0,0,0,0
416,1,0,1,0,0,0,0,0
430,1,1,1,1,0,0,0,0
499,1,1,1,1,0,0,0,0
411,1,0,1,0,0,0,0,0
438,0,0,0,0,0,0,0,0
485,0,0,0,0,0,0,0,0
406,1,1,2,2,0,0,0,0
472,0,0,0,0,0,0,0,0
456,0,0,0,0,0,0,0,0
448,1,1,1,1,0,0,0,0
312,1,0,1,0,0,0,0,0
483,0,0,0,0,0,0,0,0
476,0,0,0,0,0,0,0,0
407,1,1,8,4,0,0,0,0
7,0,0,0,0,0,0,0,0
484,0,0,0,0,0,0,0,0
490,0,0,0,0,0,0,0,0
436,0,0,0,0,0,0,0,0
287,1,1,1,1,0,0,0,0
349,0,0,0,0,0,0,0,0
482,0,0,0,0,0,0,0,0
131,1,1,2,1,0,0,0,0
479,0,0,0,0,0,0,0,0
129,1,0,3,0,0,0,0,0
424,1,0,0,0,0,0,0,0
471,0,0,0,0,0,0,0,0
481,0,0,0,0,0,0,0,0
488,0,0,0,0,0,0,0,0
475,0,0,0,0,0,0,0,0
480,1,1,1,1,0,0,0,0
493,0,0,0,0,0,0,0,0
463,0,0,0,0,0,0,0,0
431,0,0,0,0,0,0,0,0
459,1,1,3,3,0,0,0,0
473,0,0,0,0,0,0,0,0
384,1,0,1,0,0,0,0,0
441,1,0,1,0,0,0,0,0
477,1,0,0,0,0,0,0,0
382,1,0,1,0,0,0,0,0
494,0,0,0,0,0,0,0,0
486,0,0,0,0,0,0,0,0
495,0,0,0,0,0,0,0,0
124,1,0,1,0,0,0,0,0
464,1,0,1,0,0,0,0,0
489,0,0,0,0,0,0,0,0
457,0,0,0,0,0,0,0,0
302,0,0,0,0,0,0,0,0
386,0,0,0,0,0,0,0,0
311,1,1,8,1,0,0,0,0
383,0,0,0,0,0,0,0,0
445,0,0,0,0,0,0,0,0
498,0,0,0,0,0,0,0,0
497,0,0,0,0,0,0,0,0
455,0,0,0,0,0,0,0,0
114,0,0,0,0,0,0,0,0
427,1,1,4,4,0,0,0,0
319,0,0,0,0,0,0,0,0
20,1,1,12,9,0,0,0,0
474,1,1,1,1,0,0,0,0
233,0,0,0,0,0,0,0,0
429,1,1,3,2,0,0,0,0
320,0,0,0,0,0,0,0,0
261,0,0,0,0,0,0,0,0
6,1,1,4,1,0,0,0,0
370617,1,1,68,60,0,0,0,0
373415,1,1,71,63,0,0,0,0
378573,1,1,7,6,0,0,0,0
377484,1,1,10,3,0,0,0,0
378137,1,1,5,2,0,0,0,0
377605,1,1,256,140,0,0,0,0
374882,1,1,85,16,0,0,0,0
